Entity,Year,Tetanus,Measles,Tuberculosis,Whooping cough,Meningitis
Afghanistan,2010,1988,5750,4416,3832,2410
Afghanistan,2011,1797,5715,4259,3768,2327
Afghanistan,2012,1611,6006,4122,3468,2254
Afghanistan,2013,1439,2786,4047,3751,2281
Afghanistan,2014,1312,2252,3970,3701,1935
Afghanistan,2015,1205,2573,3893,3552,1821
Afghanistan,2016,1161,1682,3843,3570,1795
Afghanistan,2017,958,1695,3783,3358,1665
Afghanistan,2018,845,2673,3681,3179,1576
Afghanistan,2019,792,1256,3627,3365,1563
African Region (WHO),2010,19852,103144,422921,72220,182351
African Region (WHO),2011,18386,119482,413729,70152,172992
African Region (WHO),2012,17662,113904,408150,71521,169244
African Region (WHO),2013,17333,103705,405933,70489,161754
African Region (WHO),2014,17329,95040,405962,73216,158749
African Region (WHO),2015,16848,82144,402753,73448,151136
African Region (WHO),2016,16212,67523,395453,73443,150715
African Region (WHO),2017,15338,58210,385580,71436,148223
African Region (WHO),2018,13966,54368,375906,69763,142925
African Region (WHO),2019,13186,57896,369065,66786,139590
Albania,2010,0,0,10,2,16
Albania,2011,0,0,11,2,13
Albania,2012,0,0,11,2,13
Albania,2013,0,0,11,3,13
Albania,2014,0,1,11,3,13
Albania,2015,0,1,11,3,14
Albania,2016,0,0,11,3,14
Albania,2017,0,0,11,3,13
Albania,2018,0,2,11,3,13
Albania,2019,0,1,11,3,13
Algeria,2010,13,198,499,197,399
Algeria,2011,12,206,494,218,395
Algeria,2012,12,215,489,245,390
Algeria,2013,12,232,487,260,391
Algeria,2014,11,231,483,275,391
Algeria,2015,11,219,477,292,387
Algeria,2016,11,224,468,285,304
Algeria,2017,10,235,462,295,300
Algeria,2018,10,152,453,274,296
Algeria,2019,10,88,445,265,292
American Samoa,2010,0,1,1,1,1
American Samoa,2011,0,1,1,1,1
American Samoa,2012,0,1,1,1,1
American Samoa,2013,0,1,1,1,1
American Samoa,2014,0,1,1,1,1
American Samoa,2015,0,1,1,1,1
American Samoa,2016,0,1,1,1,1
American Samoa,2017,0,1,1,1,1
American Samoa,2018,0,1,1,0,1
American Samoa,2019,0,1,1,0,1
Andorra,2010,0,0,0,0,0
Andorra,2011,0,0,0,0,0
Andorra,2012,0,0,0,0,0
Andorra,2013,0,0,0,0,0
Andorra,2014,0,0,0,0,0
Andorra,2015,0,0,0,0,0
Andorra,2016,0,0,0,0,0
Andorra,2017,0,0,0,0,0
Andorra,2018,0,0,0,0,0
Andorra,2019,0,0,0,0,0
Angola,2010,276,3273,15756,3821,3861
Angola,2011,257,3320,15127,3769,3740
Angola,2012,243,2850,14655,3567,3642
Angola,2013,237,2681,14249,3822,3243
Angola,2014,226,2952,13578,3593,3025
Angola,2015,212,1775,13149,3684,2910
Angola,2016,195,1567,12609,3573,2753
Angola,2017,180,1950,12240,3322,2668
Angola,2018,161,2056,11856,3279,2565
Angola,2019,151,1061,11752,3268,2520
Antigua and Barbuda,2010,0,0,0,0,1
Antigua and Barbuda,2011,0,0,0,0,1
Antigua and Barbuda,2012,0,0,0,0,1
Antigua and Barbuda,2013,0,0,0,0,1
Antigua and Barbuda,2014,0,0,0,0,1
Antigua and Barbuda,2015,0,0,0,0,1
Antigua and Barbuda,2016,0,0,0,0,1
Antigua and Barbuda,2017,0,0,0,0,1
Antigua and Barbuda,2018,0,0,0,0,1
Antigua and Barbuda,2019,0,0,0,0,1
Argentina,2010,8,0,760,30,558
Argentina,2011,7,0,755,31,554
Argentina,2012,7,0,745,26,490
Argentina,2013,7,0,753,21,476
Argentina,2014,7,0,744,19,472
Argentina,2015,7,0,740,18,469
Argentina,2016,7,0,761,19,478
Argentina,2017,7,0,751,18,470
Argentina,2018,7,0,734,18,458
Argentina,2019,7,0,727,18,453
Armenia,2010,0,0,138,0,8
Armenia,2011,0,0,127,0,7
Armenia,2012,0,0,117,0,7
Armenia,2013,0,0,102,0,6
Armenia,2014,0,0,91,0,6
Armenia,2015,0,0,84,0,6
Armenia,2016,0,0,78,0,5
Armenia,2017,0,0,76,0,5
Armenia,2018,0,0,74,0,5
Armenia,2019,0,0,73,0,5
Australia,2010,1,0,79,0,49
Australia,2011,1,0,80,1,48
Australia,2012,1,0,77,1,48
Australia,2013,1,0,80,1,45
Australia,2014,1,0,82,1,45
Australia,2015,0,0,85,1,46
Australia,2016,1,0,85,1,44
Australia,2017,0,0,88,1,45
Australia,2018,0,0,92,0,46
Australia,2019,0,0,95,0,46
Austria,2010,0,0,52,0,37
Austria,2011,0,0,54,0,35
Austria,2012,0,0,54,0,34
Austria,2013,0,0,56,0,33
Austria,2014,0,0,56,0,31
Austria,2015,1,0,55,0,32
Austria,2016,1,0,52,0,32
Austria,2017,1,0,50,0,30
Austria,2018,0,0,50,0,31
Austria,2019,0,0,50,0,31
Azerbaijan,2010,1,0,789,118,111
Azerbaijan,2011,1,0,777,109,99
Azerbaijan,2012,1,0,757,108,93
Azerbaijan,2013,1,0,734,104,75
Azerbaijan,2014,1,0,707,100,73
Azerbaijan,2015,1,0,681,97,69
Azerbaijan,2016,1,0,652,97,67
Azerbaijan,2017,1,0,640,92,65
Azerbaijan,2018,1,0,639,91,63
Azerbaijan,2019,1,1,636,85,62
Bahamas,2010,0,0,7,0,3
Bahamas,2011,0,0,7,0,3
Bahamas,2012,0,0,7,0,3
Bahamas,2013,0,0,6,0,3
Bahamas,2014,0,0,7,0,3
Bahamas,2015,0,0,7,0,3
Bahamas,2016,0,0,7,0,3
Bahamas,2017,0,0,7,0,3
Bahamas,2018,0,0,7,0,3
Bahamas,2019,0,0,7,0,3
Bahrain,2010,0,1,11,1,3
Bahrain,2011,0,1,11,1,3
Bahrain,2012,0,1,11,1,3
Bahrain,2013,0,1,11,1,3
Bahrain,2014,0,1,11,1,3
Bahrain,2015,0,1,10,1,3
Bahrain,2016,0,1,11,1,3
Bahrain,2017,0,1,11,1,3
Bahrain,2018,0,1,11,1,3
Bahrain,2019,0,0,11,1,3
Bangladesh,2010,411,2060,37697,2563,3663
Bangladesh,2011,386,1656,34335,2449,3328
Bangladesh,2012,379,2772,31900,2227,3005
Bangladesh,2013,399,2405,31182,2232,2887
Bangladesh,2014,430,2149,31424,2070,2841
Bangladesh,2015,472,242,30629,2087,2366
Bangladesh,2016,504,149,30376,1982,2334
Bangladesh,2017,531,160,30662,1925,2356
Bangladesh,2018,546,201,29786,1814,2338
Bangladesh,2019,564,351,29086,1680,2323
Barbados,2010,1,0,2,0,3
Barbados,2011,1,0,2,0,3
Barbados,2012,1,0,2,0,3
Barbados,2013,1,0,2,0,3
Barbados,2014,1,0,2,0,3
Barbados,2015,1,0,2,0,3
Barbados,2016,1,0,2,0,3
Barbados,2017,1,0,2,0,3
Barbados,2018,1,0,2,0,3
Barbados,2019,1,0,2,0,3
Belarus,2010,0,0,692,0,74
Belarus,2011,0,0,668,0,72
Belarus,2012,0,0,537,0,62
Belarus,2013,0,0,469,0,58
Belarus,2014,0,0,406,0,56
Belarus,2015,0,0,352,0,53
Belarus,2016,0,0,324,0,52
Belarus,2017,0,0,312,0,51
Belarus,2018,0,0,303,0,50
Belarus,2019,0,0,298,0,49
Belgium,2010,0,0,109,0,51
Belgium,2011,0,0,104,0,50
Belgium,2012,0,0,103,0,49
Belgium,2013,0,0,96,0,50
Belgium,2014,0,0,88,0,46
Belgium,2015,0,0,88,0,46
Belgium,2016,0,0,80,0,46
Belgium,2017,0,0,81,0,45
Belgium,2018,0,0,82,0,45
Belgium,2019,0,0,82,0,45
Belize,2010,0,0,13,0,2
Belize,2011,0,0,13,0,2
Belize,2012,0,0,12,0,2
Belize,2013,0,0,12,0,2
Belize,2014,0,0,13,0,2
Belize,2015,0,0,13,0,2
Belize,2016,0,0,14,0,2
Belize,2017,0,0,14,0,2
Belize,2018,0,0,14,0,2
Belize,2019,0,0,15,0,2
Benin,2010,136,2159,2568,878,2666
Benin,2011,137,3018,2605,935,2176
Benin,2012,142,2094,2644,1006,2261
Benin,2013,144,2195,2689,1030,2201
Benin,2014,145,3003,2741,1081,2188
Benin,2015,148,1406,2792,1174,2193
Benin,2016,146,1173,2806,1174,2218
Benin,2017,136,1640,2790,1100,2174
Benin,2018,123,1861,2675,1082,2036
Benin,2019,115,2489,2624,968,1975
Bermuda,2010,0,0,0,0,0
Bermuda,2011,0,0,0,0,0
Bermuda,2012,0,0,0,0,0
Bermuda,2013,0,0,0,0,0
Bermuda,2014,0,0,0,0,0
Bermuda,2015,0,0,0,0,0
Bermuda,2016,0,0,0,0,0
Bermuda,2017,0,0,0,0,0
Bermuda,2018,0,0,0,0,0
Bermuda,2019,0,0,0,0,0
Bhutan,2010,4,3,134,6,38
Bhutan,2011,4,6,130,5,32
Bhutan,2012,3,24,126,4,29
Bhutan,2013,3,21,123,3,28
Bhutan,2014,3,19,121,3,27
Bhutan,2015,2,17,119,2,26
Bhutan,2016,2,15,117,1,24
Bhutan,2017,2,13,114,1,23
Bhutan,2018,2,1,110,1,23
Bhutan,2019,2,0,107,1,22
Bolivia,2010,25,0,1924,262,221
Bolivia,2011,24,0,1865,247,215
Bolivia,2012,23,0,1823,250,210
Bolivia,2013,22,0,1817,257,206
Bolivia,2014,25,0,1949,271,165
Bolivia,2015,22,0,1844,255,153
Bolivia,2016,18,0,1629,231,145
Bolivia,2017,17,0,1613,222,142
Bolivia,2018,16,0,1574,204,138
Bolivia,2019,16,0,1550,203,134
Bosnia and Herzegovina,2010,1,0,161,8,10
Bosnia and Herzegovina,2011,1,0,159,7,9
Bosnia and Herzegovina,2012,1,0,148,7,9
Bosnia and Herzegovina,2013,1,2,143,7,10
Bosnia and Herzegovina,2014,1,3,138,7,10
Bosnia and Herzegovina,2015,1,1,137,8,10
Bosnia and Herzegovina,2016,1,0,129,8,10
Bosnia and Herzegovina,2017,1,0,126,8,10
Bosnia and Herzegovina,2018,1,0,124,8,9
Bosnia and Herzegovina,2019,1,2,120,8,9
Botswana,2010,1,93,1004,22,160
Botswana,2011,1,97,975,21,138
Botswana,2012,1,84,941,23,121
Botswana,2013,1,78,907,25,119
Botswana,2014,1,43,877,29,119
Botswana,2015,1,36,861,34,121
Botswana,2016,1,42,845,42,121
Botswana,2017,1,8,839,46,124
Botswana,2018,1,7,822,47,124
Botswana,2019,1,11,809,47,123
Brazil,2010,153,0,6347,81,3175
Brazil,2011,143,0,6203,93,2863
Brazil,2012,134,0,6029,106,2687
Brazil,2013,128,0,5957,112,2459
Brazil,2014,122,0,5854,110,2339
Brazil,2015,118,0,5807,92,2244
Brazil,2016,116,0,5841,75,2194
Brazil,2017,113,0,5681,68,2107
Brazil,2018,112,0,5551,65,2051
Brazil,2019,111,0,5485,62,2008
Brunei,2010,0,0,16,1,1
Brunei,2011,0,0,16,1,1
Brunei,2012,0,0,16,1,1
Brunei,2013,0,0,17,1,1
Brunei,2014,0,0,17,1,1
Brunei,2015,0,0,18,1,1
Brunei,2016,0,0,18,1,1
Brunei,2017,0,0,19,1,1
Brunei,2018,0,0,19,1,2
Brunei,2019,0,0,19,1,2
Bulgaria,2010,1,0,173,0,49
Bulgaria,2011,1,0,161,0,46
Bulgaria,2012,1,0,150,0,44
Bulgaria,2013,1,0,140,0,44
Bulgaria,2014,1,0,137,0,45
Bulgaria,2015,1,0,128,0,43
Bulgaria,2016,1,0,128,0,42
Bulgaria,2017,1,0,125,0,41
Bulgaria,2018,1,0,124,0,40
Bulgaria,2019,1,0,121,0,39
Burkina Faso,2010,247,1498,6249,884,6648
Burkina Faso,2011,244,1457,6322,847,6505
Burkina Faso,2012,247,1227,6585,871,6889
Burkina Faso,2013,258,2206,6937,891,4949
Burkina Faso,2014,263,3082,7190,923,5094
Burkina Faso,2015,265,1277,7392,914,4959
Burkina Faso,2016,268,1056,7583,992,5150
Burkina Faso,2017,267,1614,7700,966,5260
Burkina Faso,2018,260,1945,7684,997,5307
Burkina Faso,2019,252,2297,7552,998,5258
Burundi,2010,249,1132,7689,321,1687
Burundi,2011,239,864,7750,299,1312
Burundi,2012,233,1114,7851,280,1291
Burundi,2013,228,618,7976,248,1313
Burundi,2014,220,632,8065,257,1301
Burundi,2015,214,976,8131,247,1255
Burundi,2016,207,1136,8141,217,1191
Burundi,2017,204,1176,8259,225,1174
Burundi,2018,206,343,8542,256,1235
Burundi,2019,205,233,8721,268,1239
Cambodia,2010,215,610,7741,284,312
Cambodia,2011,200,668,7551,274,289
Cambodia,2012,187,383,7350,276,279
Cambodia,2013,176,402,7134,254,262
Cambodia,2014,164,75,6934,243,257
Cambodia,2015,153,47,6734,233,174
Cambodia,2016,143,47,6531,226,159
Cambodia,2017,134,65,6318,210,147
Cambodia,2018,125,58,6174,190,138
Cambodia,2019,118,121,6046,176,129
Cameroon,2010,203,3856,7721,1507,3979
Cameroon,2011,196,4001,7797,1620,3346
Cameroon,2012,187,5427,7808,1659,3199
Cameroon,2013,177,4434,7794,1680,3221
Cameroon,2014,170,4677,7709,1574,3204
Cameroon,2015,157,6401,7435,1551,3003
Cameroon,2016,142,1521,7257,1640,3047
Cameroon,2017,127,1226,6990,1512,2957
Cameroon,2018,113,1906,6744,1623,2862
Cameroon,2019,105,2321,6551,1411,2791
Canada,2010,0,0,121,1,95
Canada,2011,0,0,119,1,88
Canada,2012,0,0,121,1,85
Canada,2013,0,0,124,1,87
Canada,2014,0,0,128,1,89
Canada,2015,0,0,132,1,89
Canada,2016,0,0,133,1,89
Canada,2017,0,0,136,1,88
Canada,2018,0,0,144,1,89
Canada,2019,0,0,149,1,89
Cape Verde,2010,0,20,68,9,17
Cape Verde,2011,0,19,67,6,17
Cape Verde,2012,0,14,66,5,17
Cape Verde,2013,0,10,65,3,17
Cape Verde,2014,0,0,65,2,17
Cape Verde,2015,0,0,64,1,17
Cape Verde,2016,0,0,65,1,17
Cape Verde,2017,0,0,64,1,17
Cape Verde,2018,0,1,62,1,18
Cape Verde,2019,0,2,60,1,18
Central African Republic,2010,146,391,8445,814,1269
Central African Republic,2011,141,808,8480,770,1135
Central African Republic,2012,139,805,8365,816,1064
Central African Republic,2013,173,938,8507,846,1104
Central African Republic,2014,177,916,8548,886,1083
Central African Republic,2015,158,863,8584,869,977
Central African Republic,2016,156,935,8614,818,958
Central African Republic,2017,164,474,8661,839,974
Central African Republic,2018,138,414,8648,870,916
Central African Republic,2019,136,567,8637,759,902
Chad,2010,1024,3588,7137,2472,4419
Chad,2011,986,4636,7097,2442,4420
Chad,2012,944,5520,7055,2430,4353
Chad,2013,903,4422,7066,2449,4403
Chad,2014,845,4993,7048,2507,4379
Chad,2015,809,3150,7043,2611,4451
Chad,2016,759,2966,7029,2632,4476
Chad,2017,743,2626,7024,2621,4533
Chad,2018,700,2988,6995,2737,4575
Chad,2019,680,2778,6990,2830,4623
Chile,2010,2,0,521,7,144
Chile,2011,2,0,495,8,126
Chile,2012,2,0,481,8,133
Chile,2013,2,0,470,7,123
Chile,2014,2,0,450,8,131
Chile,2015,2,0,448,7,117
Chile,2016,2,0,437,7,115
Chile,2017,2,0,447,6,114
Chile,2018,2,0,451,6,114
Chile,2019,1,0,456,6,113
China,2010,820,537,53312,3092,8341
China,2011,748,193,50513,2582,8193
China,2012,705,162,48260,2044,8057
China,2013,675,204,46072,1633,7971
China,2014,637,316,43438,1295,7740
China,2015,625,590,41987,1134,7553
China,2016,628,888,42073,1016,7550
China,2017,586,761,39553,824,7228
China,2018,549,695,37576,690,6798
China,2019,534,686,36566,661,6465
Colombia,2010,28,0,1001,15,536
Colombia,2011,23,0,934,20,474
Colombia,2012,24,0,930,24,439
Colombia,2013,22,0,925,26,419
Colombia,2014,22,0,924,25,406
Colombia,2015,21,0,941,24,402
Colombia,2016,20,0,929,22,391
Colombia,2017,19,0,924,21,388
Colombia,2018,18,0,915,21,383
Colombia,2019,17,0,908,19,377
Comoros,2010,7,4,289,43,74
Comoros,2011,7,7,297,45,76
Comoros,2012,6,18,298,40,73
Comoros,2013,6,55,304,38,71
Comoros,2014,7,33,350,43,83
Comoros,2015,6,32,355,40,81
Comoros,2016,6,43,354,35,79
Comoros,2017,5,26,351,33,77
Comoros,2018,5,26,335,30,72
Comoros,2019,5,39,329,25,70
Congo,2010,16,155,2121,240,386
Congo,2011,15,135,2050,247,372
Congo,2012,15,98,2051,253,324
Congo,2013,14,146,2046,245,314
Congo,2014,14,86,2055,263,310
Congo,2015,14,87,2035,256,303
Congo,2016,13,123,2003,260,298
Congo,2017,13,104,1985,247,292
Congo,2018,12,112,1963,224,286
Congo,2019,11,156,1961,218,284
Cook Islands,2010,0,0,0,0,0
Cook Islands,2011,0,0,0,0,0
Cook Islands,2012,0,0,0,0,0
Cook Islands,2013,0,0,0,0,0
Cook Islands,2014,0,0,0,0,0
Cook Islands,2015,0,0,0,0,0
Cook Islands,2016,0,0,0,0,0
Cook Islands,2017,0,0,0,0,0
Cook Islands,2018,0,0,0,0,0
Cook Islands,2019,0,0,0,0,0
Costa Rica,2010,0,0,51,0,37
Costa Rica,2011,0,0,48,0,36
Costa Rica,2012,0,0,46,0,35
Costa Rica,2013,0,0,44,0,34
Costa Rica,2014,0,0,43,0,34
Costa Rica,2015,0,0,43,0,35
Costa Rica,2016,0,0,44,0,35
Costa Rica,2017,0,0,46,0,36
Costa Rica,2018,0,0,47,0,35
Costa Rica,2019,0,0,47,0,35
Cote d'Ivoire,2010,301,848,7718,1685,3480
Cote d'Ivoire,2011,293,3130,7660,1589,3390
Cote d'Ivoire,2012,267,1342,7742,1759,3480
Cote d'Ivoire,2013,259,1381,8025,1880,3556
Cote d'Ivoire,2014,253,2234,8200,1909,3009
Cote d'Ivoire,2015,238,363,8172,1918,2826
Cote d'Ivoire,2016,213,300,7854,1728,2591
Cote d'Ivoire,2017,191,638,7586,1604,2438
Cote d'Ivoire,2018,173,911,7395,1594,2367
Cote d'Ivoire,2019,157,221,7086,1481,2259
Croatia,2010,2,0,83,0,22
Croatia,2011,2,0,74,0,20
Croatia,2012,2,0,68,0,19
Croatia,2013,2,0,60,0,17
Croatia,2014,2,0,56,0,16
Croatia,2015,2,0,56,0,18
Croatia,2016,2,0,53,0,17
Croatia,2017,2,0,53,0,17
Croatia,2018,2,0,53,0,17
Croatia,2019,1,0,53,0,17
Cuba,2010,1,0,44,0,102
Cuba,2011,1,0,41,0,97
Cuba,2012,1,0,42,0,97
Cuba,2013,1,0,42,0,94
Cuba,2014,1,0,43,0,93
Cuba,2015,0,0,45,0,97
Cuba,2016,0,0,44,0,97
Cuba,2017,0,0,45,0,98
Cuba,2018,0,0,44,0,96
Cuba,2019,0,0,42,0,94
Cyprus,2010,0,0,4,0,3
Cyprus,2011,0,0,4,0,3
Cyprus,2012,0,0,4,0,2
Cyprus,2013,0,0,4,0,2
Cyprus,2014,0,0,4,0,2
Cyprus,2015,0,0,4,0,3
Cyprus,2016,0,0,5,0,3
Cyprus,2017,0,0,5,0,2
Cyprus,2018,0,0,5,0,3
Cyprus,2019,0,0,5,0,3
Czechia,2010,0,0,57,0,48
Czechia,2011,0,0,58,0,46
Czechia,2012,0,0,55,0,44
Czechia,2013,0,0,57,0,41
Czechia,2014,0,0,54,0,40
Czechia,2015,0,0,56,0,39
Czechia,2016,0,0,54,0,40
Czechia,2017,0,0,53,0,39
Czechia,2018,0,0,55,0,39
Czechia,2019,0,0,55,0,38
Democratic Republic of Congo,2010,1410,6966,57750,5920,10030
Democratic Republic of Congo,2011,1031,9628,56908,5363,9742
Democratic Republic of Congo,2012,975,8624,56048,5894,9903
Democratic Republic of Congo,2013,899,6747,54958,5937,9325
Democratic Republic of Congo,2014,834,3614,54233,6044,9000
Democratic Republic of Congo,2015,761,1598,52620,5629,7520
Democratic Republic of Congo,2016,688,1483,50593,5306,7043
Democratic Republic of Congo,2017,621,1411,48620,5338,6669
Democratic Republic of Congo,2018,551,1694,47438,4767,6464
Democratic Republic of Congo,2019,506,6607,46145,4587,6147
Denmark,2010,0,0,34,0,37
Denmark,2011,0,0,30,0,35
Denmark,2012,0,0,29,0,32
Denmark,2013,0,0,28,0,32
Denmark,2014,0,0,26,0,30
Denmark,2015,0,0,27,0,29
Denmark,2016,0,0,26,0,30
Denmark,2017,0,0,26,0,31
Denmark,2018,0,0,27,0,31
Denmark,2019,0,0,27,0,31
Djibouti,2010,14,48,462,118,142
Djibouti,2011,14,86,464,114,141
Djibouti,2012,14,90,466,123,118
Djibouti,2013,14,70,465,122,119
Djibouti,2014,13,83,448,120,114
Djibouti,2015,13,66,448,124,115
Djibouti,2016,13,15,442,126,114
Djibouti,2017,12,12,443,120,114
Djibouti,2018,11,16,442,121,112
Djibouti,2019,10,14,437,117,110
Dominica,2010,0,0,3,0,1
Dominica,2011,0,0,3,0,1
Dominica,2012,0,0,3,0,1
Dominica,2013,0,0,3,0,1
Dominica,2014,0,0,3,0,1
Dominica,2015,0,0,3,0,1
Dominica,2016,0,0,3,0,1
Dominica,2017,0,0,3,0,1
Dominica,2018,0,0,3,0,1
Dominica,2019,0,0,3,0,1
Dominican Republic,2010,26,0,647,210,269
Dominican Republic,2011,26,0,625,202,268
Dominican Republic,2012,26,0,652,228,294
Dominican Republic,2013,27,0,715,240,290
Dominican Republic,2014,28,0,780,233,277
Dominican Republic,2015,29,0,823,229,270
Dominican Republic,2016,27,0,826,227,261
Dominican Republic,2017,25,0,806,224,238
Dominican Republic,2018,23,0,775,213,226
Dominican Republic,2019,21,0,751,205,217
East Asia & Pacific (WB),2010,9080,13793,264369,14567,28177
East Asia & Pacific (WB),2011,8576,13205,254989,13914,27013
East Asia & Pacific (WB),2012,8063,9176,244838,13187,26319
East Asia & Pacific (WB),2013,7962,9192,236597,12747,25607
East Asia & Pacific (WB),2014,7036,8933,230459,11863,24319
East Asia & Pacific (WB),2015,7281,8272,225496,11810,23797
East Asia & Pacific (WB),2016,6292,7756,223397,11407,22429
East Asia & Pacific (WB),2017,5900,8346,217634,10626,20585
East Asia & Pacific (WB),2018,5451,6716,211472,10126,19358
East Asia & Pacific (WB),2019,5120,5929,206984,10029,18440
Eastern Mediterranean Region (WHO),2010,12469,24502,107765,21936,39024
Eastern Mediterranean Region (WHO),2011,11779,24047,107162,21610,38338
Eastern Mediterranean Region (WHO),2012,11370,24431,106516,21551,32761
Eastern Mediterranean Region (WHO),2013,10510,23552,104447,20976,32355
Eastern Mediterranean Region (WHO),2014,9947,19435,103819,20479,31713
Eastern Mediterranean Region (WHO),2015,9570,17857,103270,19601,31384
Eastern Mediterranean Region (WHO),2016,9197,14040,102749,19777,31281
Eastern Mediterranean Region (WHO),2017,8643,15648,101512,18902,30362
Eastern Mediterranean Region (WHO),2018,7832,16194,99134,18221,28886
Eastern Mediterranean Region (WHO),2019,7533,13433,97622,17691,28368
Ecuador,2010,11,0,938,121,156
Ecuador,2011,10,0,835,122,133
Ecuador,2012,9,0,772,116,126
Ecuador,2013,9,0,729,116,123
Ecuador,2014,9,0,724,146,120
Ecuador,2015,10,0,718,171,119
Ecuador,2016,10,0,711,184,118
Ecuador,2017,10,0,722,189,119
Ecuador,2018,10,0,730,200,117
Ecuador,2019,10,0,735,189,118
Egypt,2010,195,16,1039,333,1111
Egypt,2011,185,16,1029,343,1115
Egypt,2012,186,27,1079,382,1102
Egypt,2013,198,63,1149,421,1082
Egypt,2014,191,211,1145,441,925
Egypt,2015,173,422,1081,439,925
Egypt,2016,160,88,1027,410,852
Egypt,2017,151,55,978,412,823
Egypt,2018,141,57,926,385,790
Egypt,2019,136,68,892,353,764
El Salvador,2010,2,0,90,28,58
El Salvador,2011,2,0,92,29,57
El Salvador,2012,2,0,85,32,52
El Salvador,2013,2,0,88,35,53
El Salvador,2014,2,0,98,36,56
El Salvador,2015,2,0,99,35,55
El Salvador,2016,2,0,96,36,54
El Salvador,2017,3,0,95,35,53
El Salvador,2018,2,0,92,36,53
El Salvador,2019,2,0,89,39,52
England,2010,0,1,323,2,232
England,2011,0,1,312,3,225
England,2012,0,1,313,3,215
England,2013,0,1,316,3,214
England,2014,0,1,316,3,214
England,2015,0,1,318,3,218
England,2016,0,1,313,2,217
England,2017,0,1,312,2,216
England,2018,0,1,317,2,218
England,2019,0,1,319,2,218
Equatorial Guinea,2010,3,39,216,69,74
Equatorial Guinea,2011,3,45,212,65,75
Equatorial Guinea,2012,2,38,203,60,72
Equatorial Guinea,2013,9,29,194,59,67
Equatorial Guinea,2014,2,28,195,61,60
Equatorial Guinea,2015,10,31,198,58,64
Equatorial Guinea,2016,2,32,202,62,59
Equatorial Guinea,2017,2,22,199,58,58
Equatorial Guinea,2018,2,20,194,53,56
Equatorial Guinea,2019,2,20,193,51,55
Eritrea,2010,124,931,5061,298,922
Eritrea,2011,117,950,5052,287,908
Eritrea,2012,112,1026,5048,278,899
Eritrea,2013,106,713,5005,264,903
Eritrea,2014,98,586,4920,258,896
Eritrea,2015,92,512,4867,240,702
Eritrea,2016,87,235,4807,231,700
Eritrea,2017,81,194,4756,213,691
Eritrea,2018,77,188,4701,206,687
Eritrea,2019,74,63,4674,184,693
Estonia,2010,0,0,41,0,8
Estonia,2011,0,0,39,0,8
Estonia,2012,0,0,36,0,6
Estonia,2013,0,0,31,0,6
Estonia,2014,0,0,29,0,6
Estonia,2015,0,0,26,0,6
Estonia,2016,0,0,26,0,6
Estonia,2017,0,0,25,0,6
Estonia,2018,0,0,25,0,6
Estonia,2019,0,0,24,0,6
Eswatini,2010,2,17,988,39,112
Eswatini,2011,2,11,936,39,109
Eswatini,2012,2,19,891,38,106
Eswatini,2013,2,22,834,35,102
Eswatini,2014,1,18,778,32,86
Eswatini,2015,1,26,730,32,80
Eswatini,2016,1,38,694,31,76
Eswatini,2017,1,6,669,33,76
Eswatini,2018,1,5,647,33,74
Eswatini,2019,1,8,637,33,73
Ethiopia,2010,2466,21954,41580,10706,16869
Ethiopia,2011,2245,19278,39596,10452,14680
Ethiopia,2012,2076,17252,37631,10142,13826
Ethiopia,2013,1888,17379,35673,9332,13071
Ethiopia,2014,1782,13882,34686,9365,13023
Ethiopia,2015,1657,13475,33648,9081,12464
Ethiopia,2016,1493,14565,32514,8458,12037
Ethiopia,2017,1349,6423,31583,8667,12014
Ethiopia,2018,1198,2184,30693,8521,11693
Ethiopia,2019,1083,2403,29874,7760,11283
Europe & Central Asia (WB),2010,100,182,40045,592,6058
Europe & Central Asia (WB),2011,101,264,36526,535,5800
Europe & Central Asia (WB),2012,93,242,34180,514,5603
Europe & Central Asia (WB),2013,88,220,31772,500,5413
Europe & Central Asia (WB),2014,83,203,29883,511,5190
Europe & Central Asia (WB),2015,99,189,29218,497,5120
Europe & Central Asia (WB),2016,101,178,27333,482,4909
Europe & Central Asia (WB),2017,79,170,25723,450,4629
Europe & Central Asia (WB),2018,77,180,25274,428,4523
Europe & Central Asia (WB),2019,75,155,24940,410,4446
European Region (WHO),2010,101,182,40118,597,6089
European Region (WHO),2011,102,264,36593,540,5832
European Region (WHO),2012,93,242,34244,520,5636
European Region (WHO),2013,88,220,31832,506,5447
European Region (WHO),2014,84,203,29942,518,5224
European Region (WHO),2015,99,188,29278,504,5154
European Region (WHO),2016,102,178,27392,490,4942
European Region (WHO),2017,79,170,25783,456,4663
European Region (WHO),2018,77,180,25335,434,4556
European Region (WHO),2019,75,158,25002,415,4480
Fiji,2010,0,6,43,19,18
Fiji,2011,0,7,42,19,17
Fiji,2012,0,10,43,18,14
Fiji,2013,0,9,43,17,14
Fiji,2014,0,8,43,16,13
Fiji,2015,0,8,43,16,14
Fiji,2016,0,7,42,15,14
Fiji,2017,0,7,42,15,13
Fiji,2018,0,2,40,14,13
Fiji,2019,0,2,40,14,13
Finland,2010,0,0,67,0,19
Finland,2011,0,0,65,0,19
Finland,2012,0,0,61,0,17
Finland,2013,0,0,57,0,17
Finland,2014,0,0,56,0,16
Finland,2015,0,0,52,0,16
Finland,2016,0,0,50,0,15
Finland,2017,0,0,53,0,16
Finland,2018,0,0,54,0,16
Finland,2019,0,0,55,0,16
France,2010,6,1,1189,2,252
France,2011,5,1,1144,2,249
France,2012,5,0,1108,2,245
France,2013,4,0,1063,3,242
France,2014,4,0,1005,3,232
France,2015,4,0,1001,3,232
France,2016,4,0,991,2,227
France,2017,4,0,1006,2,226
France,2018,4,0,1029,2,225
France,2019,4,0,1053,2,226
G20,2010,26026,69982,691321,46790,87335
G20,2011,22929,60215,672073,45153,84214
G20,2012,20195,46560,669118,41013,81981
G20,2013,18582,33756,665215,39196,79902
G20,2014,16952,24390,653624,35714,74949
G20,2015,15561,21531,629813,33068,70854
G20,2016,14114,21259,620552,30108,65804
G20,2017,13335,21236,615157,26829,58734
G20,2018,12136,14659,603133,24565,57670
G20,2019,11176,6923,588251,22903,56332
Gabon,2010,4,43,613,85,112
Gabon,2011,3,43,588,65,106
Gabon,2012,3,45,563,54,99
Gabon,2013,2,33,544,50,95
Gabon,2014,2,15,536,50,93
Gabon,2015,2,13,529,45,92
Gabon,2016,2,15,518,43,90
Gabon,2017,2,20,505,42,89
Gabon,2018,2,17,487,40,87
Gabon,2019,2,20,474,39,86
Gambia,2010,17,270,696,70,230
Gambia,2011,15,260,641,63,201
Gambia,2012,14,148,645,69,206
Gambia,2013,14,166,663,69,232
Gambia,2014,15,166,718,77,249
Gambia,2015,14,146,701,72,201
Gambia,2016,14,147,730,80,209
Gambia,2017,14,43,755,90,221
Gambia,2018,13,27,732,85,215
Gambia,2019,12,30,722,83,212
Georgia,2010,0,0,244,0,31
Georgia,2011,0,0,231,0,30
Georgia,2012,1,0,230,0,29
Georgia,2013,1,0,214,0,29
Georgia,2014,0,0,196,0,27
Georgia,2015,1,0,177,0,26
Georgia,2016,0,0,189,0,24
Georgia,2017,0,0,186,0,23
Georgia,2018,0,0,181,0,22
Georgia,2019,0,0,175,0,21
Germany,2010,1,0,460,0,260
Germany,2011,1,1,449,0,250
Germany,2012,2,1,449,0,240
Germany,2013,2,1,450,1,234
Germany,2014,2,1,436,1,222
Germany,2015,2,1,443,1,223
Germany,2016,2,1,444,1,222
Germany,2017,2,1,447,1,218
Germany,2018,2,1,453,1,216
Germany,2019,2,1,462,1,216
Ghana,2010,332,1638,11503,780,4503
Ghana,2011,295,958,11098,781,4533
Ghana,2012,280,1245,11137,773,3866
Ghana,2013,283,1267,11482,817,3788
Ghana,2014,275,190,11741,902,3798
Ghana,2015,272,148,11997,955,3867
Ghana,2016,242,228,11722,893,3900
Ghana,2017,215,299,11243,842,3808
Ghana,2018,191,462,10602,716,3580
Ghana,2019,176,587,10223,645,3487
Greece,2010,3,0,169,0,40
Greece,2011,3,0,175,0,39
Greece,2012,3,0,174,0,37
Greece,2013,2,0,156,0,34
Greece,2014,2,0,137,0,30
Greece,2015,2,0,129,0,29
Greece,2016,2,0,124,0,31
Greece,2017,2,0,130,0,30
Greece,2018,2,0,135,0,30
Greece,2019,2,0,137,0,30
Greenland,2010,0,0,3,0,1
Greenland,2011,0,0,3,0,1
Greenland,2012,0,0,3,0,1
Greenland,2013,0,0,3,0,1
Greenland,2014,0,0,3,0,1
Greenland,2015,0,0,3,0,1
Greenland,2016,0,0,3,0,1
Greenland,2017,0,0,3,0,1
Greenland,2018,0,0,3,0,1
Greenland,2019,0,0,3,0,1
Grenada,2010,0,0,1,0,1
Grenada,2011,0,0,1,0,1
Grenada,2012,0,0,1,0,1
Grenada,2013,0,0,1,0,1
Grenada,2014,0,0,1,0,1
Grenada,2015,0,0,1,0,1
Grenada,2016,0,0,1,0,1
Grenada,2017,0,0,1,0,0
Grenada,2018,0,0,1,0,0
Grenada,2019,0,0,1,0,0
Guam,2010,0,1,4,1,1
Guam,2011,0,1,3,1,1
Guam,2012,0,1,3,1,1
Guam,2013,0,1,3,1,2
Guam,2014,0,1,3,1,2
Guam,2015,0,1,3,1,2
Guam,2016,0,1,3,1,2
Guam,2017,0,1,4,1,2
Guam,2018,0,1,4,1,2
Guam,2019,0,1,4,1,2
Guatemala,2010,8,0,445,30,288
Guatemala,2011,8,0,426,30,296
Guatemala,2012,8,0,413,31,268
Guatemala,2013,9,0,411,33,257
Guatemala,2014,13,0,412,41,264
Guatemala,2015,9,0,424,39,250
Guatemala,2016,10,0,431,41,254
Guatemala,2017,11,0,424,41,248
Guatemala,2018,10,0,418,40,243
Guatemala,2019,10,0,419,39,242
Guinea,2010,229,2230,4684,1447,3314
Guinea,2011,229,2372,4722,1492,3299
Guinea,2012,227,3428,4750,1518,3283
Guinea,2013,240,2350,4868,1531,3464
Guinea,2014,255,2574,4980,1769,3546
Guinea,2015,264,2720,5007,1863,3547
Guinea,2016,259,2074,4948,1985,3562
Guinea,2017,242,1313,4793,2084,3486
Guinea,2018,222,1049,4602,2020,3412
Guinea,2019,204,1138,4396,1960,3260
Guinea-Bissau,2010,49,231,803,173,431
Guinea-Bissau,2011,45,308,786,153,409
Guinea-Bissau,2012,42,669,772,129,376
Guinea-Bissau,2013,41,441,777,128,385
Guinea-Bissau,2014,40,459,780,126,384
Guinea-Bissau,2015,39,633,776,125,314
Guinea-Bissau,2016,39,436,774,134,311
Guinea-Bissau,2017,36,445,760,146,299
Guinea-Bissau,2018,33,561,733,129,277
Guinea-Bissau,2019,30,580,716,128,267
Guyana,2010,1,0,80,0,9
Guyana,2011,1,0,76,0,7
Guyana,2012,1,0,74,0,7
Guyana,2013,1,0,70,0,7
Guyana,2014,1,0,70,0,7
Guyana,2015,1,0,68,0,6
Guyana,2016,1,0,66,0,6
Guyana,2017,1,0,64,0,6
Guyana,2018,1,0,62,0,6
Guyana,2019,1,0,61,0,6
Haiti,2010,294,0,1365,874,1269
Haiti,2011,270,0,1373,886,1281
Haiti,2012,253,0,1371,819,1199
Haiti,2013,237,0,1370,819,1204
Haiti,2014,309,0,1358,800,1228
Haiti,2015,222,0,1351,805,1205
Haiti,2016,216,0,1337,739,1186
Haiti,2017,207,0,1318,738,1138
Haiti,2018,198,0,1300,745,1046
Haiti,2019,192,0,1286,684,997
Honduras,2010,10,0,487,65,136
Honduras,2011,10,0,498,71,113
Honduras,2012,10,0,504,76,107
Honduras,2013,10,0,513,92,108
Honduras,2014,10,0,523,94,109
Honduras,2015,10,0,529,103,108
Honduras,2016,10,0,536,106,108
Honduras,2017,10,0,541,105,108
Honduras,2018,9,0,547,104,108
Honduras,2019,9,0,558,100,109
Hungary,2010,2,0,97,0,63
Hungary,2011,2,0,86,0,65
Hungary,2012,2,0,83,0,60
Hungary,2013,2,0,76,0,63
Hungary,2014,2,0,71,0,56
Hungary,2015,2,0,71,0,62
Hungary,2016,2,0,62,0,53
Hungary,2017,2,0,60,0,52
Hungary,2018,2,0,63,0,52
Hungary,2019,2,0,61,0,50
Iceland,2010,0,0,2,0,2
Iceland,2011,0,0,2,0,1
Iceland,2012,0,0,2,0,1
Iceland,2013,0,0,2,0,1
Iceland,2014,0,0,1,0,1
Iceland,2015,0,0,1,0,1
Iceland,2016,0,0,1,0,1
Iceland,2017,0,0,1,0,1
Iceland,2018,0,0,1,0,1
Iceland,2019,0,0,1,0,1
India,2010,19352,65826,459913,36568,56658
India,2011,16635,56519,453408,35762,55021
India,2012,14239,43235,461592,32434,53433
India,2013,13004,29904,466722,31107,52065
India,2014,11710,20408,462649,28484,48398
India,2015,10564,16979,445845,26285,45025
India,2016,9417,15819,440225,23728,40773
India,2017,8938,15749,440926,21079,35394
India,2018,8058,11738,434157,18998,35306
India,2019,7332,4856,422634,17353,34736
Indonesia,2010,5515,2907,101631,5564,8637
Indonesia,2011,5225,3071,97484,5216,8169
Indonesia,2012,4945,2787,92813,4917,8085
Indonesia,2013,4611,3238,89584,4835,7915
Indonesia,2014,4324,3290,86953,4338,7184
Indonesia,2015,4098,3496,83909,4103,6946
Indonesia,2016,3800,3764,82533,3899,6469
Indonesia,2017,3547,3891,80770,3528,5401
Indonesia,2018,3269,1604,78494,3533,5030
Indonesia,2019,3052,713,76549,3534,4715
Iran,2010,24,161,878,158,863
Iran,2011,23,148,863,143,849
Iran,2012,22,140,883,141,848
Iran,2013,22,135,918,130,847
Iran,2014,21,127,931,118,703
Iran,2015,20,119,924,110,674
Iran,2016,19,92,898,102,628
Iran,2017,18,82,874,90,605
Iran,2018,18,76,841,78,588
Iran,2019,17,71,818,65,577
Iraq,2010,67,41,1190,750,851
Iraq,2011,58,33,1139,694,810
Iraq,2012,52,41,1089,627,700
Iraq,2013,49,41,1060,613,666
Iraq,2014,45,38,1067,663,642
Iraq,2015,42,67,1059,683,613
Iraq,2016,37,57,1040,721,585
Iraq,2017,33,76,1012,686,518
Iraq,2018,26,128,968,621,464
Iraq,2019,24,157,942,586,427
Ireland,2010,0,0,33,0,15
Ireland,2011,0,0,32,0,13
Ireland,2012,0,0,31,0,13
Ireland,2013,0,0,29,0,12
Ireland,2014,0,0,28,0,11
Ireland,2015,0,0,27,0,11
Ireland,2016,0,0,28,0,10
Ireland,2017,0,0,28,0,10
Ireland,2018,0,0,29,0,10
Ireland,2019,0,0,30,0,10
Israel,2010,0,0,30,0,26
Israel,2011,0,0,28,0,27
Israel,2012,0,0,27,0,26
Israel,2013,0,0,24,0,28
Israel,2014,0,0,23,0,28
Israel,2015,0,0,23,0,28
Israel,2016,0,0,23,0,27
Israel,2017,0,0,24,0,27
Israel,2018,0,0,25,0,28
Israel,2019,0,0,26,0,28
Italy,2010,21,0,434,0,206
Italy,2011,21,0,431,0,207
Italy,2012,21,0,424,0,207
Italy,2013,19,0,405,0,197
Italy,2014,18,0,401,0,193
Italy,2015,18,0,414,0,197
Italy,2016,18,0,408,0,187
Italy,2017,18,0,410,0,186
Italy,2018,17,0,420,0,186
Italy,2019,17,0,426,0,185
Jamaica,2010,0,0,10,0,21
Jamaica,2011,0,0,10,0,20
Jamaica,2012,0,0,9,0,19
Jamaica,2013,0,0,8,0,19
Jamaica,2014,0,0,9,0,21
Jamaica,2015,0,0,10,0,21
Jamaica,2016,0,0,10,0,21
Jamaica,2017,0,0,10,0,21
Jamaica,2018,0,0,10,0,21
Jamaica,2019,0,0,10,0,21
Japan,2010,9,1,3908,1,511
Japan,2011,8,1,3900,1,391
Japan,2012,8,1,3815,1,399
Japan,2013,8,1,3722,1,400
Japan,2014,8,1,3622,1,401
Japan,2015,8,1,3563,1,401
Japan,2016,8,1,3595,1,405
Japan,2017,8,1,3687,1,409
Japan,2018,8,1,3768,1,406
Japan,2019,8,1,3852,1,408
Jordan,2010,1,26,25,18,52
Jordan,2011,1,27,25,19,57
Jordan,2012,1,24,24,20,60
Jordan,2013,1,22,24,23,64
Jordan,2014,1,2,24,30,68
Jordan,2015,2,2,24,36,72
Jordan,2016,2,3,25,45,76
Jordan,2017,2,5,27,47,80
Jordan,2018,2,13,28,54,81
Jordan,2019,2,53,29,54,83
Kazakhstan,2010,0,0,1860,1,209
Kazakhstan,2011,0,0,1635,1,203
Kazakhstan,2012,0,0,1441,0,191
Kazakhstan,2013,0,0,1221,0,181
Kazakhstan,2014,0,0,1036,0,170
Kazakhstan,2015,0,0,895,0,157
Kazakhstan,2016,0,0,820,0,151
Kazakhstan,2017,0,0,751,0,144
Kazakhstan,2018,0,0,760,0,139
Kazakhstan,2019,0,0,768,0,136
Kenya,2010,2915,1648,17656,1163,5348
Kenya,2011,2828,1881,17676,1149,4573
Kenya,2012,2753,2942,17578,1084,4518
Kenya,2013,2704,1810,17568,1086,4494
Kenya,2014,2683,1803,17692,1114,4494
Kenya,2015,2674,2480,17714,1050,4460
Kenya,2016,2592,2436,17513,1045,4417
Kenya,2017,2578,449,17247,1100,4464
Kenya,2018,2428,399,16948,1054,4419
Kenya,2019,2348,447,16781,1061,4396
Kiribati,2010,1,2,71,7,14
Kiribati,2011,1,2,71,6,14
Kiribati,2012,1,6,72,6,14
Kiribati,2013,1,5,73,6,12
Kiribati,2014,1,6,75,6,12
Kiribati,2015,1,6,74,6,12
Kiribati,2016,1,5,72,6,12
Kiribati,2017,1,4,71,6,11
Kiribati,2018,1,4,69,6,11
Kiribati,2019,1,4,69,6,11
Kuwait,2010,0,0,31,0,10
Kuwait,2011,0,0,27,0,10
Kuwait,2012,0,0,26,0,11
Kuwait,2013,0,0,22,0,11
Kuwait,2014,0,0,21,0,11
Kuwait,2015,0,0,22,0,12
Kuwait,2016,0,0,23,0,12
Kuwait,2017,0,0,24,0,12
Kuwait,2018,0,0,25,0,12
Kuwait,2019,0,0,26,0,12
Kyrgyzstan,2010,0,0,625,0,56
Kyrgyzstan,2011,0,0,605,0,53
Kyrgyzstan,2012,0,0,589,0,52
Kyrgyzstan,2013,0,0,559,0,52
Kyrgyzstan,2014,0,0,518,0,54
Kyrgyzstan,2015,0,0,485,0,54
Kyrgyzstan,2016,0,0,433,0,41
Kyrgyzstan,2017,0,0,411,0,39
Kyrgyzstan,2018,0,0,407,0,38
Kyrgyzstan,2019,0,0,405,0,38
Laos,2010,190,195,2941,407,349
Laos,2011,165,235,2777,370,325
Laos,2012,144,73,2636,357,305
Laos,2013,128,110,2535,325,240
Laos,2014,116,122,2452,314,221
Laos,2015,106,66,2376,308,207
Laos,2016,99,87,2296,318,194
Laos,2017,90,205,2211,284,180
Laos,2018,82,145,2144,276,171
Laos,2019,76,153,2093,267,162
Latin America & Caribbean (WB),2010,631,0,21413,2301,8260
Latin America & Caribbean (WB),2011,586,1,20814,2244,7775
Latin America & Caribbean (WB),2012,556,1,20368,2203,7360
Latin America & Caribbean (WB),2013,529,1,20260,2212,7077
Latin America & Caribbean (WB),2014,603,0,20177,2218,6923
Latin America & Caribbean (WB),2015,504,1,19982,2214,6741
Latin America & Caribbean (WB),2016,489,0,19750,2103,6637
Latin America & Caribbean (WB),2017,474,1,19580,2084,6453
Latin America & Caribbean (WB),2018,458,1,19332,2040,6236
Latin America & Caribbean (WB),2019,447,1,19205,1967,6093
Latvia,2010,0,0,81,0,12
Latvia,2011,0,0,73,0,11
Latvia,2012,0,0,69,0,10
Latvia,2013,0,0,69,0,10
Latvia,2014,0,0,63,0,10
Latvia,2015,0,0,62,0,10
Latvia,2016,0,0,56,0,9
Latvia,2017,0,0,55,0,9
Latvia,2018,0,0,54,0,8
Latvia,2019,0,0,53,0,8
Lebanon,2010,28,21,45,57,38
Lebanon,2011,26,19,45,50,39
Lebanon,2012,25,17,44,44,39
Lebanon,2013,25,20,44,42,40
Lebanon,2014,25,18,43,43,40
Lebanon,2015,25,5,43,47,36
Lebanon,2016,25,5,43,47,35
Lebanon,2017,25,6,42,45,35
Lebanon,2018,24,8,42,40,34
Lebanon,2019,23,17,42,40,34
Lesotho,2010,8,67,3075,71,211
Lesotho,2011,7,15,3064,71,213
Lesotho,2012,7,12,3076,69,213
Lesotho,2013,6,18,3072,67,211
Lesotho,2014,6,16,3049,64,208
Lesotho,2015,5,22,2991,57,180
Lesotho,2016,5,60,2869,49,170
Lesotho,2017,4,63,2749,43,164
Lesotho,2018,4,17,2653,35,163
Lesotho,2019,4,15,2598,27,162
Liberia,2010,29,282,1107,240,677
Liberia,2011,26,199,1095,247,678
Liberia,2012,24,155,1111,259,695
Liberia,2013,23,266,1116,259,680
Liberia,2014,22,406,1111,246,546
Liberia,2015,21,484,1116,226,517
Liberia,2016,19,410,1108,217,484
Liberia,2017,16,447,1084,186,446
Liberia,2018,15,431,1067,165,433
Liberia,2019,15,223,1062,138,432
Libya,2010,1,1,58,29,48
Libya,2011,1,7,60,37,49
Libya,2012,1,7,59,34,46
Libya,2013,1,8,61,34,40
Libya,2014,1,11,66,39,41
Libya,2015,1,18,71,39,40
Libya,2016,1,16,76,33,42
Libya,2017,1,17,80,34,43
Libya,2018,1,8,82,32,43
Libya,2019,1,0,84,29,43
Lithuania,2010,1,0,257,0,23
Lithuania,2011,1,0,241,0,22
Lithuania,2012,1,0,231,0,21
Lithuania,2013,1,0,224,0,22
Lithuania,2014,1,0,208,0,19
Lithuania,2015,1,0,199,0,19
Lithuania,2016,1,0,190,0,18
Lithuania,2017,1,0,164,0,17
Lithuania,2018,0,0,158,0,16
Lithuania,2019,0,0,152,0,16
Luxembourg,2010,0,0,2,0,1
Luxembourg,2011,0,0,2,0,1
Luxembourg,2012,0,0,2,0,1
Luxembourg,2013,0,0,2,0,1
Luxembourg,2014,0,0,2,0,1
Luxembourg,2015,0,0,2,0,1
Luxembourg,2016,0,0,2,0,1
Luxembourg,2017,0,0,2,0,1
Luxembourg,2018,0,0,2,0,1
Luxembourg,2019,0,0,2,0,1
Madagascar,2010,361,2831,11421,1123,2791
Madagascar,2011,349,1976,11631,1139,2803
Madagascar,2012,340,2058,11812,1120,2225
Madagascar,2013,323,2690,11947,1097,2186
Madagascar,2014,315,1605,12185,1073,2206
Madagascar,2015,303,1576,12384,1100,2190
Madagascar,2016,281,2088,12475,1054,2156
Madagascar,2017,260,1223,12484,1032,2142
Madagascar,2018,239,1818,12356,970,2113
Madagascar,2019,226,2279,12268,909,2084
Malawi,2010,400,1701,8123,781,3165
Malawi,2011,376,380,8024,870,2560
Malawi,2012,354,272,7888,799,2513
Malawi,2013,341,389,7852,753,2482
Malawi,2014,334,407,7916,742,2471
Malawi,2015,331,619,8006,719,2487
Malawi,2016,322,1592,8026,688,2468
Malawi,2017,305,1477,7944,655,2425
Malawi,2018,289,258,7883,680,2406
Malawi,2019,279,212,7861,644,2369
Malaysia,2010,25,97,2007,157,272
Malaysia,2011,25,94,1958,149,267
Malaysia,2012,23,93,1902,152,270
Malaysia,2013,22,84,1809,139,254
Malaysia,2014,22,87,1859,145,268
Malaysia,2015,22,92,1871,145,282
Malaysia,2016,22,80,1918,133,279
Malaysia,2017,22,75,1927,124,282
Malaysia,2018,22,70,1928,111,284
Malaysia,2019,22,65,1992,110,291
Maldives,2010,0,0,14,1,2
Maldives,2011,0,1,13,1,2
Maldives,2012,0,3,13,1,2
Maldives,2013,0,4,13,2,2
Maldives,2014,0,4,13,2,2
Maldives,2015,0,4,13,2,2
Maldives,2016,0,4,13,2,2
Maldives,2017,0,4,14,2,2
Maldives,2018,0,2,14,2,2
Maldives,2019,0,2,14,2,2
Mali,2010,524,6228,5875,1858,6899
Mali,2011,512,6828,5853,1890,5699
Mali,2012,518,3761,5955,2109,5613
Mali,2013,538,4082,5859,2144,5624
Mali,2014,534,4389,5814,2235,5633
Mali,2015,540,5286,5795,2322,5773
Mali,2016,556,1409,5891,2792,6351
Mali,2017,554,1625,5722,2684,6577
Mali,2018,498,1972,5694,2632,6357
Mali,2019,473,2727,5638,2654,6260
Malta,2010,0,0,1,0,2
Malta,2011,0,0,1,0,2
Malta,2012,0,0,1,0,2
Malta,2013,0,0,1,0,2
Malta,2014,0,0,1,0,2
Malta,2015,0,0,1,0,1
Malta,2016,0,0,1,0,2
Malta,2017,0,0,1,0,2
Malta,2018,0,0,1,0,2
Malta,2019,0,0,1,0,2
Marshall Islands,2010,0,1,9,2,1
Marshall Islands,2011,0,1,8,2,1
Marshall Islands,2012,0,1,8,2,1
Marshall Islands,2013,0,1,8,2,1
Marshall Islands,2014,0,1,8,2,1
Marshall Islands,2015,0,1,8,2,1
Marshall Islands,2016,0,1,8,2,1
Marshall Islands,2017,0,1,8,2,1
Marshall Islands,2018,0,1,8,2,1
Marshall Islands,2019,0,1,8,2,1
Mauritania,2010,26,446,603,202,331
Mauritania,2011,24,453,596,196,325
Mauritania,2012,22,192,602,212,341
Mauritania,2013,20,171,594,200,294
Mauritania,2014,18,224,562,183,262
Mauritania,2015,17,65,548,170,257
Mauritania,2016,15,60,526,150,242
Mauritania,2017,13,122,520,136,235
Mauritania,2018,12,146,496,126,223
Mauritania,2019,11,48,482,120,217
Mauritius,2010,0,0,15,0,9
Mauritius,2011,0,0,15,0,9
Mauritius,2012,0,0,15,0,8
Mauritius,2013,0,0,15,0,7
Mauritius,2014,0,0,15,0,7
Mauritius,2015,0,0,16,0,7
Mauritius,2016,0,0,16,0,6
Mauritius,2017,0,0,16,0,6
Mauritius,2018,0,0,15,0,5
Mauritius,2019,0,0,15,0,5
Mexico,2010,23,0,2668,38,530
Mexico,2011,21,0,2579,42,504
Mexico,2012,20,0,2510,44,497
Mexico,2013,19,0,2569,44,516
Mexico,2014,20,0,2544,41,526
Mexico,2015,20,0,2521,41,533
Mexico,2016,19,0,2516,37,533
Mexico,2017,19,0,2590,35,545
Mexico,2018,18,0,2600,34,534
Mexico,2019,18,0,2596,33,522
Micronesia (country),2010,0,2,13,3,2
Micronesia (country),2011,0,2,13,3,2
Micronesia (country),2012,0,1,13,3,2
Micronesia (country),2013,0,1,12,3,2
Micronesia (country),2014,0,1,12,2,2
Micronesia (country),2015,0,0,12,3,2
Micronesia (country),2016,0,0,12,3,2
Micronesia (country),2017,0,0,12,2,2
Micronesia (country),2018,0,0,12,2,2
Micronesia (country),2019,0,0,11,2,2
Middle East & North Africa (WB),2010,768,1447,12416,3642,5722
Middle East & North Africa (WB),2011,711,1700,12047,3562,5439
Middle East & North Africa (WB),2012,676,2670,11812,3537,5172
Middle East & North Africa (WB),2013,657,2145,11737,3585,5030
Middle East & North Africa (WB),2014,622,1705,11588,3595,4648
Middle East & North Africa (WB),2015,582,1350,11362,3633,4538
Middle East & North Africa (WB),2016,547,829,11129,3551,4272
Middle East & North Africa (WB),2017,517,825,10906,3529,4114
Middle East & North Africa (WB),2018,470,939,10606,3254,3938
Middle East & North Africa (WB),2019,452,1327,10387,2953,3832
Moldova,2010,0,0,463,0,36
Moldova,2011,0,0,366,0,32
Moldova,2012,0,0,334,0,31
Moldova,2013,0,0,288,0,29
Moldova,2014,0,0,280,0,29
Moldova,2015,0,0,264,0,27
Moldova,2016,0,0,235,0,25
Moldova,2017,0,0,200,0,22
Moldova,2018,0,0,191,0,21
Moldova,2019,0,0,184,0,20
Monaco,2010,0,0,1,0,0
Monaco,2011,0,0,1,0,0
Monaco,2012,0,0,1,0,0
Monaco,2013,0,0,1,0,0
Monaco,2014,0,0,1,0,0
Monaco,2015,0,0,1,0,0
Monaco,2016,0,0,1,0,0
Monaco,2017,0,0,1,0,0
Monaco,2018,0,0,1,0,0
Monaco,2019,0,0,1,0,0
Mongolia,2010,0,0,446,33,30
Mongolia,2011,0,0,439,34,29
Mongolia,2012,0,0,427,31,29
Mongolia,2013,0,0,410,30,29
Mongolia,2014,0,0,397,28,28
Mongolia,2015,0,33,387,25,26
Mongolia,2016,0,46,382,24,25
Mongolia,2017,0,0,379,23,25
Mongolia,2018,0,0,375,23,24
Mongolia,2019,0,0,371,23,24
Montenegro,2010,0,0,5,2,2
Montenegro,2011,0,0,5,1,2
Montenegro,2012,0,0,5,1,1
Montenegro,2013,0,0,5,1,1
Montenegro,2014,0,0,5,1,1
Montenegro,2015,0,0,5,1,1
Montenegro,2016,0,0,5,1,1
Montenegro,2017,0,0,5,1,1
Montenegro,2018,0,0,4,1,1
Montenegro,2019,0,0,4,1,1
Morocco,2010,279,324,5143,285,756
Morocco,2011,251,376,4972,275,674
Morocco,2012,228,473,4828,265,596
Morocco,2013,209,588,4726,237,545
Morocco,2014,191,151,4625,249,516
Morocco,2015,173,89,4502,254,486
Morocco,2016,156,88,4372,230,460
Morocco,2017,140,94,4233,221,439
Morocco,2018,124,143,4067,190,419
Morocco,2019,113,348,3932,163,400
Mozambique,2010,428,1918,21876,2671,4180
Mozambique,2011,402,5028,21971,2334,4022
Mozambique,2012,388,3325,22310,2497,4050
Mozambique,2013,375,3585,22589,2340,3138
Mozambique,2014,356,3201,22693,2383,3026
Mozambique,2015,330,2890,22504,2173,2938
Mozambique,2016,292,3104,22018,1866,2773
Mozambique,2017,262,3848,21452,1513,2651
Mozambique,2018,249,3794,20924,1383,2628
Mozambique,2019,245,640,20700,1301,2729
Myanmar,2010,874,2076,22379,1273,3244
Myanmar,2011,858,1905,21143,1483,3039
Myanmar,2012,805,1746,19735,1592,2633
Myanmar,2013,747,1444,18739,1726,2517
Myanmar,2014,684,1239,17737,1805,2395
Myanmar,2015,620,1266,16811,1900,2242
Myanmar,2016,562,450,16099,1847,1744
Myanmar,2017,517,371,15477,1820,1500
Myanmar,2018,467,557,14893,1647,1337
Myanmar,2019,423,641,14313,1577,1246
Namibia,2010,3,81,1120,71,131
Namibia,2011,2,87,1052,68,129
Namibia,2012,2,132,998,66,124
Namibia,2013,2,17,968,67,128
Namibia,2014,2,13,937,64,110
Namibia,2015,2,21,909,59,107
Namibia,2016,1,30,889,50,105
Namibia,2017,1,1,868,43,104
Namibia,2018,1,1,850,43,103
Namibia,2019,1,1,831,38,100
Nauru,2010,0,0,1,0,0
Nauru,2011,0,0,1,0,0
Nauru,2012,0,0,1,0,0
Nauru,2013,0,0,1,0,0
Nauru,2014,0,0,1,0,0
Nauru,2015,0,0,1,0,0
Nauru,2016,0,0,1,0,0
Nauru,2017,0,0,1,0,0
Nauru,2018,0,0,1,0,0
Nauru,2019,0,0,1,0,0
Nepal,2010,935,813,8431,452,868
Nepal,2011,826,1382,8374,443,799
Nepal,2012,741,1457,8333,442,749
Nepal,2013,687,308,8311,501,747
Nepal,2014,631,301,8208,517,711
Nepal,2015,580,322,8156,498,619
Nepal,2016,529,372,8026,502,563
Nepal,2017,473,361,7866,508,518
Nepal,2018,417,762,7661,451,484
Nepal,2019,381,665,7488,423,469
Netherlands,2010,0,0,102,0,98
Netherlands,2011,0,0,96,0,96
Netherlands,2012,0,0,93,0,92
Netherlands,2013,0,0,93,0,92
Netherlands,2014,0,0,91,0,92
Netherlands,2015,0,0,93,0,90
Netherlands,2016,0,0,93,0,95
Netherlands,2017,0,0,95,0,94
Netherlands,2018,0,0,97,0,95
Netherlands,2019,0,0,99,0,96
New Zealand,2010,0,0,17,0,17
New Zealand,2011,0,0,17,0,17
New Zealand,2012,0,0,16,0,15
New Zealand,2013,0,0,16,0,13
New Zealand,2014,0,0,16,0,13
New Zealand,2015,0,0,17,0,12
New Zealand,2016,0,0,17,0,12
New Zealand,2017,0,0,17,0,13
New Zealand,2018,0,0,18,0,13
New Zealand,2019,0,0,18,0,13
Nicaragua,2010,1,0,161,13,60
Nicaragua,2011,1,0,157,9,57
Nicaragua,2012,1,0,154,6,54
Nicaragua,2013,1,0,152,6,51
Nicaragua,2014,1,0,153,5,48
Nicaragua,2015,1,0,144,4,45
Nicaragua,2016,1,0,151,4,47
Nicaragua,2017,1,0,145,4,45
Nicaragua,2018,1,0,143,4,44
Nicaragua,2019,1,0,143,4,44
Niger,2010,364,8286,4886,1991,9082
Niger,2011,360,6007,5001,2005,9285
Niger,2012,359,6091,5125,1900,9553
Niger,2013,372,1585,5354,2109,10088
Niger,2014,386,1737,5576,2243,8859
Niger,2015,402,2437,5731,2418,8633
Niger,2016,403,2765,5911,2535,8486
Niger,2017,401,4175,6014,2680,8497
Niger,2018,384,10399,5940,2781,7941
Niger,2019,376,10904,5882,2898,7772
Nigeria,2010,4995,14264,49386,17604,55105
Nigeria,2011,4615,26473,47775,16559,53692
Nigeria,2012,4467,25060,47582,17354,52126
Nigeria,2013,4565,26839,48787,16618,52141
Nigeria,2014,4905,22226,50413,18689,52114
Nigeria,2015,4857,21402,50844,19186,48484
Nigeria,2016,4864,16711,50424,20618,49572
Nigeria,2017,4573,16293,48699,20078,48790
Nigeria,2018,4072,8101,46524,19770,46198
Nigeria,2019,3809,6760,45278,18970,44914
Niue,2010,0,0,0,0,0
Niue,2011,0,0,0,0,0
Niue,2012,0,0,0,0,0
Niue,2013,0,0,0,0,0
Niue,2014,0,0,0,0,0
Niue,2015,0,0,0,0,0
Niue,2016,0,0,0,0,0
Niue,2017,0,0,0,0,0
Niue,2018,0,0,0,0,0
Niue,2019,0,0,0,0,0
North America (WB),2010,8,0,988,14,1236
North America (WB),2011,8,0,981,13,1215
North America (WB),2012,8,0,978,13,1193
North America (WB),2013,7,0,994,13,1194
North America (WB),2014,7,0,1008,12,1191
North America (WB),2015,8,0,1032,11,1205
North America (WB),2016,7,0,1061,11,1220
North America (WB),2017,8,0,1066,11,1226
North America (WB),2018,8,0,1100,10,1231
North America (WB),2019,8,1,1127,10,1235
North Korea,2010,49,3,3535,196,357
North Korea,2011,46,4,3473,167,345
North Korea,2012,43,4,3430,141,299
North Korea,2013,42,47,3417,115,276
North Korea,2014,40,42,3437,92,265
North Korea,2015,39,41,3447,73,255
North Korea,2016,37,41,3432,57,247
North Korea,2017,36,41,3381,46,238
North Korea,2018,34,39,3301,32,230
North Korea,2019,33,37,3242,23,223
North Macedonia,2010,0,0,45,5,6
North Macedonia,2011,0,1,41,6,5
North Macedonia,2012,0,0,39,6,6
North Macedonia,2013,0,0,38,6,6
North Macedonia,2014,0,0,38,6,6
North Macedonia,2015,0,0,38,6,6
North Macedonia,2016,0,0,38,7,6
North Macedonia,2017,0,0,38,6,6
North Macedonia,2018,0,0,38,7,6
North Macedonia,2019,0,3,38,6,5
Northern Ireland,2010,0,0,11,0,9
Northern Ireland,2011,0,0,11,0,8
Northern Ireland,2012,0,0,11,0,8
Northern Ireland,2013,0,0,11,0,8
Northern Ireland,2014,0,0,11,0,8
Northern Ireland,2015,0,0,11,0,8
Northern Ireland,2016,0,0,11,0,8
Northern Ireland,2017,0,0,11,0,8
Northern Ireland,2018,0,0,11,0,8
Northern Ireland,2019,0,0,11,0,8
Northern Mariana Islands,2010,0,0,1,0,0
Northern Mariana Islands,2011,0,0,1,0,0
Northern Mariana Islands,2012,0,0,1,0,0
Northern Mariana Islands,2013,0,0,1,0,0
Northern Mariana Islands,2014,0,0,1,0,0
Northern Mariana Islands,2015,0,0,1,0,0
Northern Mariana Islands,2016,0,0,1,0,0
Northern Mariana Islands,2017,0,0,1,0,0
Northern Mariana Islands,2018,0,0,1,0,0
Northern Mariana Islands,2019,0,0,1,0,0
Norway,2010,1,0,48,0,21
Norway,2011,1,0,48,0,21
Norway,2012,1,0,46,0,20
Norway,2013,1,0,44,0,19
Norway,2014,1,0,42,0,18
Norway,2015,1,0,42,0,18
Norway,2016,1,0,44,0,19
Norway,2017,1,0,43,0,18
Norway,2018,1,0,43,0,19
Norway,2019,1,0,44,0,19
OECD Countries,2010,122,182,17796,414,5047
OECD Countries,2011,116,263,17424,359,4799
OECD Countries,2012,111,241,17056,336,4705
OECD Countries,2013,106,218,16691,311,4658
OECD Countries,2014,104,200,16232,312,4594
OECD Countries,2015,103,186,16088,289,4606
OECD Countries,2016,101,177,16014,264,4575
OECD Countries,2017,99,167,16243,238,4538
OECD Countries,2018,98,159,16450,221,4512
OECD Countries,2019,96,151,16685,202,4493
Oman,2010,1,7,23,15,14
Oman,2011,1,7,24,15,15
Oman,2012,1,7,23,16,15
Oman,2013,1,7,22,17,15
Oman,2014,1,8,22,17,15
Oman,2015,1,8,21,19,16
Oman,2016,1,9,21,18,16
Oman,2017,1,9,21,18,15
Oman,2018,1,0,19,18,14
Oman,2019,1,0,18,17,14
Pakistan,2010,6425,3583,72198,8831,25486
Pakistan,2011,6066,2198,71953,8652,25279
Pakistan,2012,5835,2478,71510,9131,20011
Pakistan,2013,5205,5711,69453,8521,20160
Pakistan,2014,4903,5278,68943,8121,20300
Pakistan,2015,4695,2886,68586,7639,20247
Pakistan,2016,4381,1709,68042,7862,20277
Pakistan,2017,4041,1938,66861,7338,19712
Pakistan,2018,3675,2963,64412,6857,18475
Pakistan,2019,3428,2799,62774,6465,17987
Palau,2010,0,0,1,0,0
Palau,2011,0,0,1,0,0
Palau,2012,0,0,1,0,0
Palau,2013,0,0,1,0,0
Palau,2014,0,0,1,0,0
Palau,2015,0,0,1,0,0
Palau,2016,0,0,1,0,0
Palau,2017,0,0,1,0,0
Palau,2018,0,0,1,0,0
Palau,2019,0,0,1,0,0
Palestine,2010,2,42,27,39,51
Palestine,2011,1,36,25,35,42
Palestine,2012,1,31,24,29,41
Palestine,2013,1,24,24,23,37
Palestine,2014,1,17,25,19,34
Palestine,2015,1,14,26,16,32
Palestine,2016,1,12,26,14,30
Palestine,2017,1,10,25,13,29
Palestine,2018,1,10,25,11,28
Palestine,2019,1,9,25,11,28
Panama,2010,0,0,209,1,43
Panama,2011,0,0,217,1,43
Panama,2012,0,0,223,1,43
Panama,2013,0,0,219,0,42
Panama,2014,0,0,219,0,40
Panama,2015,0,0,211,0,40
Panama,2016,0,0,203,0,37
Panama,2017,0,0,197,0,37
Panama,2018,0,0,192,0,36
Panama,2019,0,0,188,0,36
Papua New Guinea,2010,4,452,1496,510,698
Papua New Guinea,2011,5,618,1493,535,698
Papua New Guinea,2012,5,643,1498,502,702
Papua New Guinea,2013,5,516,1498,493,682
Papua New Guinea,2014,5,612,1507,508,669
Papua New Guinea,2015,5,996,1525,535,648
Papua New Guinea,2016,5,673,1518,569,641
Papua New Guinea,2017,6,489,1525,605,623
Papua New Guinea,2018,6,548,1534,641,609
Papua New Guinea,2019,6,563,1538,670,599
Paraguay,2010,4,0,252,50,103
Paraguay,2011,3,0,249,47,98
Paraguay,2012,3,0,247,49,74
Paraguay,2013,3,0,250,48,73
Paraguay,2014,3,0,245,44,69
Paraguay,2015,2,0,248,43,64
Paraguay,2016,2,0,261,38,64
Paraguay,2017,2,0,254,35,65
Paraguay,2018,2,0,246,33,64
Paraguay,2019,2,0,242,33,65
Peru,2010,19,0,2601,446,193
Peru,2011,18,0,2528,380,180
Peru,2012,17,0,2445,359,170
Peru,2013,16,0,2338,329,163
Peru,2014,15,0,2181,320,156
Peru,2015,15,0,2091,322,151
Peru,2016,15,0,2044,311,150
Peru,2017,15,0,2013,320,148
Peru,2018,15,0,1976,297,145
Peru,2019,15,0,1943,315,143
Philippines,2010,914,5818,28991,1670,2928
Philippines,2011,864,5592,28750,1699,2846
Philippines,2012,788,2634,28135,1869,2902
Philippines,2013,697,2424,27641,1862,2726
Philippines,2014,664,2345,28665,1846,2654
Philippines,2015,1248,1273,30132,2133,2844
Philippines,2016,645,1391,30722,2138,2496
Philippines,2017,625,2176,30527,2060,2371
Philippines,2018,577,2703,29776,2000,2176
Philippines,2019,553,2588,29181,2050,2056
Poland,2010,5,0,738,0,178
Poland,2011,4,0,714,0,178
Poland,2012,4,0,693,0,176
Poland,2013,3,0,649,0,174
Poland,2014,3,0,606,0,169
Poland,2015,3,0,600,0,170
Poland,2016,2,0,584,0,169
Poland,2017,2,0,573,0,140
Poland,2018,2,0,567,0,138
Poland,2019,2,0,559,0,135
Portugal,2010,2,0,273,0,45
Portugal,2011,2,0,264,0,45
Portugal,2012,2,0,257,0,45
Portugal,2013,1,0,249,0,46
Portugal,2014,1,0,239,0,45
Portugal,2015,1,0,232,0,40
Portugal,2016,1,0,230,0,39
Portugal,2017,1,0,226,0,37
Portugal,2018,1,0,225,0,37
Portugal,2019,1,0,224,0,36
Puerto Rico,2010,1,0,21,0,11
Puerto Rico,2011,1,0,23,0,11
Puerto Rico,2012,1,0,21,0,10
Puerto Rico,2013,1,0,21,0,10
Puerto Rico,2014,1,0,20,0,9
Puerto Rico,2015,1,0,18,0,8
Puerto Rico,2016,1,0,20,0,9
Puerto Rico,2017,1,0,20,0,9
Puerto Rico,2018,1,0,20,0,9
Puerto Rico,2019,1,0,21,0,9
Qatar,2010,0,1,8,3,5
Qatar,2011,0,1,8,3,5
Qatar,2012,0,1,8,4,5
Qatar,2013,0,1,9,4,5
Qatar,2014,0,1,9,4,5
Qatar,2015,0,1,8,4,5
Qatar,2016,0,1,8,4,5
Qatar,2017,0,1,8,4,5
Qatar,2018,0,0,8,4,5
Qatar,2019,0,0,9,3,5
Region of the Americas (WHO),2010,638,1,22379,2314,9484
Region of the Americas (WHO),2011,593,1,21772,2256,8978
Region of the Americas (WHO),2012,563,1,21324,2216,8543
Region of the Americas (WHO),2013,536,1,21233,2224,8260
Region of the Americas (WHO),2014,610,1,21164,2229,8105
Region of the Americas (WHO),2015,511,1,20995,2224,7937
Region of the Americas (WHO),2016,496,1,20790,2113,7848
Region of the Americas (WHO),2017,481,1,20625,2094,7669
Region of the Americas (WHO),2018,466,1,20411,2050,7458
Region of the Americas (WHO),2019,454,1,20310,1977,7319
Romania,2010,3,0,1506,0,95
Romania,2011,3,0,1322,0,86
Romania,2012,3,0,1258,0,83
Romania,2013,3,0,1164,0,74
Romania,2014,3,0,1145,0,74
Romania,2015,3,0,1080,0,75
Romania,2016,3,0,1041,0,75
Romania,2017,3,0,998,0,65
Romania,2018,2,0,968,0,62
Romania,2019,2,0,941,0,60
Russia,2010,4,1,17688,3,1803
Russia,2011,5,1,15618,3,1711
Russia,2012,5,1,14220,3,1714
Russia,2013,5,1,12798,3,1661
Russia,2014,5,1,11973,3,1578
Russia,2015,5,1,10635,3,1466
Russia,2016,5,1,9503,3,1375
Russia,2017,4,0,8372,3,1235
Russia,2018,4,0,8135,3,1180
Russia,2019,4,0,7982,2,1143
Rwanda,2010,125,818,4483,319,1184
Rwanda,2011,116,837,4388,275,1142
Rwanda,2012,109,1251,4329,238,1122
Rwanda,2013,100,1316,4170,223,1029
Rwanda,2014,95,259,4156,234,1063
Rwanda,2015,90,209,4126,220,1064
Rwanda,2016,84,187,4070,195,1043
Rwanda,2017,78,181,4003,181,1013
Rwanda,2018,74,97,3996,189,1014
Rwanda,2019,69,211,3960,188,995
Saint Kitts and Nevis,2010,0,0,1,0,1
Saint Kitts and Nevis,2011,0,0,1,0,1
Saint Kitts and Nevis,2012,0,0,1,0,1
Saint Kitts and Nevis,2013,0,0,1,0,1
Saint Kitts and Nevis,2014,0,0,1,0,1
Saint Kitts and Nevis,2015,0,0,1,0,1
Saint Kitts and Nevis,2016,0,0,1,0,1
Saint Kitts and Nevis,2017,0,0,1,0,1
Saint Kitts and Nevis,2018,0,0,1,0,1
Saint Kitts and Nevis,2019,0,0,1,0,1
Saint Lucia,2010,0,0,4,0,1
Saint Lucia,2011,0,0,4,0,1
Saint Lucia,2012,0,0,4,0,2
Saint Lucia,2013,0,0,4,0,1
Saint Lucia,2014,0,0,4,0,1
Saint Lucia,2015,0,0,4,0,2
Saint Lucia,2016,0,0,4,0,2
Saint Lucia,2017,0,0,4,0,2
Saint Lucia,2018,0,0,4,0,2
Saint Lucia,2019,0,0,4,0,2
Saint Vincent and the Grenadines,2010,0,0,3,0,1
Saint Vincent and the Grenadines,2011,0,0,2,0,1
Saint Vincent and the Grenadines,2012,0,0,2,0,1
Saint Vincent and the Grenadines,2013,0,0,2,0,1
Saint Vincent and the Grenadines,2014,0,0,3,0,1
Saint Vincent and the Grenadines,2015,0,0,3,0,1
Saint Vincent and the Grenadines,2016,0,0,3,0,1
Saint Vincent and the Grenadines,2017,0,0,3,0,1
Saint Vincent and the Grenadines,2018,0,0,3,0,1
Saint Vincent and the Grenadines,2019,0,0,3,0,1
Samoa,2010,0,2,14,3,3
Samoa,2011,0,2,14,3,3
Samoa,2012,0,2,14,3,3
Samoa,2013,0,2,14,2,3
Samoa,2014,0,3,15,2,3
Samoa,2015,0,3,14,2,2
Samoa,2016,0,3,14,2,2
Samoa,2017,0,3,14,2,2
Samoa,2018,0,1,13,2,2
Samoa,2019,0,8,13,2,2
San Marino,2010,0,0,0,0,0
San Marino,2011,0,0,0,0,0
San Marino,2012,0,0,0,0,0
San Marino,2013,0,0,0,0,0
San Marino,2014,0,0,0,0,0
San Marino,2015,0,0,0,0,0
San Marino,2016,0,0,0,0,0
San Marino,2017,0,0,0,0,0
San Marino,2018,0,0,0,0,0
San Marino,2019,0,0,0,0,0
Sao Tome and Principe,2010,3,5,22,5,7
Sao Tome and Principe,2011,3,5,21,4,6
Sao Tome and Principe,2012,3,7,21,3,5
Sao Tome and Principe,2013,2,10,21,3,5
Sao Tome and Principe,2014,3,10,22,4,5
Sao Tome and Principe,2015,2,9,22,4,5
Sao Tome and Principe,2016,2,8,21,4,5
Sao Tome and Principe,2017,2,1,21,4,5
Sao Tome and Principe,2018,2,1,20,3,5
Sao Tome and Principe,2019,2,1,20,3,5
Saudi Arabia,2010,15,4,1737,93,173
Saudi Arabia,2011,14,5,1650,85,170
Saudi Arabia,2012,15,1,1572,80,171
Saudi Arabia,2013,14,2,1525,67,172
Saudi Arabia,2014,14,2,1479,60,173
Saudi Arabia,2015,14,2,1427,54,171
Saudi Arabia,2016,14,5,1394,51,174
Saudi Arabia,2017,14,15,1363,52,176
Saudi Arabia,2018,14,15,1325,48,177
Saudi Arabia,2019,14,14,1301,45,180
Scotland,2010,0,0,41,0,26
Scotland,2011,0,0,39,0,28
Scotland,2012,0,0,39,0,25
Scotland,2013,0,0,38,0,29
Scotland,2014,0,0,37,0,24
Scotland,2015,0,0,38,0,26
Scotland,2016,0,0,38,0,25
Scotland,2017,0,0,38,0,25
Scotland,2018,0,0,40,0,25
Scotland,2019,0,0,40,0,25
Senegal,2010,161,1383,3697,645,2155
Senegal,2011,154,1569,3738,648,2136
Senegal,2012,143,2151,3672,605,2045
Senegal,2013,139,2192,3753,569,1633
Senegal,2014,140,338,3944,673,1754
Senegal,2015,132,208,3984,638,1730
Senegal,2016,125,252,4059,595,1758
Senegal,2017,114,325,3967,555,1709
Senegal,2018,101,275,3790,565,1608
Senegal,2019,94,674,3732,512,1563
Serbia,2010,3,0,200,18,30
Serbia,2011,3,0,185,18,31
Serbia,2012,3,0,172,17,28
Serbia,2013,3,0,158,20,30
Serbia,2014,3,0,148,19,30
Serbia,2015,3,0,140,20,29
Serbia,2016,2,0,132,19,28
Serbia,2017,2,0,130,18,28
Serbia,2018,2,3,129,17,27
Serbia,2019,2,0,128,17,27
Seychelles,2010,0,0,4,0,3
Seychelles,2011,0,0,4,0,3
Seychelles,2012,0,0,4,0,3
Seychelles,2013,0,0,4,0,3
Seychelles,2014,0,0,4,0,3
Seychelles,2015,0,0,4,0,3
Seychelles,2016,0,0,4,0,3
Seychelles,2017,0,0,4,0,3
Seychelles,2018,0,0,4,0,2
Seychelles,2019,0,0,4,0,2
Sierra Leone,2010,167,563,2997,752,2470
Sierra Leone,2011,157,590,2951,752,1898
Sierra Leone,2012,144,822,2905,704,1825
Sierra Leone,2013,129,437,2814,675,1776
Sierra Leone,2014,120,436,2742,694,1764
Sierra Leone,2015,112,564,2686,628,1716
Sierra Leone,2016,104,306,2630,634,1688
Sierra Leone,2017,96,56,2590,620,1674
Sierra Leone,2018,90,55,2555,569,1659
Sierra Leone,2019,85,55,2509,597,1630
Singapore,2010,0,0,65,0,7
Singapore,2011,0,0,62,0,7
Singapore,2012,0,0,60,0,6
Singapore,2013,0,0,57,0,5
Singapore,2014,0,0,56,0,5
Singapore,2015,0,0,53,0,5
Singapore,2016,0,0,52,0,5
Singapore,2017,0,0,51,0,4
Singapore,2018,0,0,55,0,5
Singapore,2019,0,0,58,0,5
Slovakia,2010,1,0,41,3,24
Slovakia,2011,1,0,38,3,23
Slovakia,2012,1,0,35,4,23
Slovakia,2013,1,0,33,4,22
Slovakia,2014,1,0,33,5,23
Slovakia,2015,1,0,33,5,23
Slovakia,2016,1,0,31,5,22
Slovakia,2017,1,0,31,5,21
Slovakia,2018,1,0,31,5,21
Slovakia,2019,1,0,31,5,20
Slovenia,2010,0,0,17,0,8
Slovenia,2011,0,0,16,0,8
Slovenia,2012,0,0,15,0,7
Slovenia,2013,0,0,14,0,7
Slovenia,2014,0,0,13,0,6
Slovenia,2015,0,0,13,0,6
Slovenia,2016,0,0,13,0,6
Slovenia,2017,0,0,13,0,6
Slovenia,2018,0,0,13,0,6
Slovenia,2019,0,0,13,0,6
Solomon Islands,2010,0,36,49,19,21
Solomon Islands,2011,0,37,49,19,21
Solomon Islands,2012,0,50,48,18,21
Solomon Islands,2013,0,32,48,19,21
Solomon Islands,2014,0,32,47,17,25
Solomon Islands,2015,0,2,47,18,19
Solomon Islands,2016,0,1,46,17,18
Solomon Islands,2017,0,2,45,16,17
Solomon Islands,2018,0,4,44,15,17
Solomon Islands,2019,0,9,44,15,17
Somalia,2010,3195,10371,17717,3931,4445
Somalia,2011,3126,10471,17973,4004,4496
Somalia,2012,3181,9920,18190,4026,4547
Somalia,2013,3148,9489,18363,3860,4390
Somalia,2014,3053,9539,18480,3848,4403
Somalia,2015,3038,10684,18629,3720,4403
Somalia,2016,3062,9791,18973,3799,4507
Somalia,2017,3089,11228,19252,3883,4485
Somalia,2018,2811,9521,19781,4022,4552
Somalia,2019,2834,7437,20221,4151,4672
South Africa,2010,35,525,31030,952,3011
South Africa,2011,33,163,28083,1030,2795
South Africa,2012,31,132,25961,1074,2708
South Africa,2013,29,190,24337,1115,2595
South Africa,2014,27,173,23526,1100,2550
South Africa,2015,26,277,22675,1098,2438
South Africa,2016,25,605,21541,1060,2280
South Africa,2017,25,651,20886,1026,2259
South Africa,2018,25,448,20137,996,2235
South Africa,2019,24,501,19785,1033,2221
South Asia (WB),2010,29135,78118,583954,52296,89484
South Asia (WB),2011,25731,67550,573617,51125,87133
South Asia (WB),2012,22826,56041,578702,47753,79811
South Asia (WB),2013,20754,41195,580896,46161,78474
South Asia (WB),2014,19005,30460,576335,42943,74519
South Asia (WB),2015,17533,23065,558200,40105,70405
South Asia (WB),2016,16008,19792,551579,37689,66067
South Asia (WB),2017,14957,19960,551140,34249,59968
South Asia (WB),2018,13556,18377,540705,31341,58498
South Asia (WB),2019,12512,9963,526604,29325,57399
South Korea,2010,8,0,3150,50,82
South Korea,2011,8,0,3150,42,83
South Korea,2012,8,0,3147,38,86
South Korea,2013,8,0,3040,31,74
South Korea,2014,8,0,2952,27,65
South Korea,2015,8,0,2909,23,67
South Korea,2016,8,0,2895,22,71
South Korea,2017,8,0,2980,21,73
South Korea,2018,8,0,3046,22,75
South Korea,2019,8,0,3154,21,77
South Sudan,2010,452,1340,4732,1948,2611
South Sudan,2011,421,1640,4712,1864,2613
South Sudan,2012,352,1695,4736,1768,2635
South Sudan,2013,367,938,4785,1766,2675
South Sudan,2014,360,869,4819,1679,2508
South Sudan,2015,298,388,4759,1717,2390
South Sudan,2016,297,308,4606,1566,2240
South Sudan,2017,290,371,4475,1426,2083
South Sudan,2018,235,234,4429,1327,2005
South Sudan,2019,226,253,4387,1143,1968
South-East Asia Region (WHO),2010,27289,74006,643285,46918,74963
South-East Asia Region (WHO),2011,24123,64849,627785,45814,72184
South-East Asia Region (WHO),2012,21296,52278,627149,42030,69644
South-East Asia Region (WHO),2013,19627,37600,627049,40783,67786
South-East Asia Region (WHO),2014,17954,27678,619380,37576,63178
South-East Asia Region (WHO),2015,16504,22595,597679,35211,58832
South-East Asia Region (WHO),2016,14977,20780,589663,32283,53535
South-East Asia Region (WHO),2017,14166,20747,588075,29154,46800
South-East Asia Region (WHO),2018,12911,15059,577327,26719,46115
South-East Asia Region (WHO),2019,11901,7416,562380,24835,45100
Spain,2010,3,0,458,2,215
Spain,2011,3,0,437,3,211
Spain,2012,3,0,426,3,202
Spain,2013,3,0,402,3,191
Spain,2014,2,0,391,3,187
Spain,2015,2,0,387,3,188
Spain,2016,2,0,376,3,164
Spain,2017,2,0,374,2,159
Spain,2018,2,0,377,2,157
Spain,2019,2,0,378,2,155
Sri Lanka,2010,19,82,1151,44,359
Sri Lanka,2011,18,74,1145,45,345
Sri Lanka,2012,17,65,1107,46,327
Sri Lanka,2013,16,58,1045,44,305
Sri Lanka,2014,16,49,1007,45,306
Sri Lanka,2015,15,43,960,41,300
Sri Lanka,2016,15,41,938,42,299
Sri Lanka,2017,14,39,914,39,298
Sri Lanka,2018,14,37,884,38,295
Sri Lanka,2019,14,35,873,35,297
Sub-Saharan Africa (WB),2010,23141,116907,441715,77891,187835
Sub-Saharan Africa (WB),2011,21592,133951,432687,75816,178355
Sub-Saharan Africa (WB),2012,20913,127211,427274,76965,174636
Sub-Saharan Africa (WB),2013,20544,116639,425192,75632,166704
Sub-Saharan Africa (WB),2014,20440,105257,425329,78297,163644
Sub-Saharan Africa (WB),2015,19937,93206,422232,78242,155976
Sub-Saharan Africa (WB),2016,19321,77355,415239,78252,155711
Sub-Saharan Africa (WB),2017,18467,69410,405593,76127,153152
Sub-Saharan Africa (WB),2018,16809,63996,396392,74705,147879
Sub-Saharan Africa (WB),2019,16048,65957,389950,71706,144633
Sudan,2010,107,3590,1575,1938,1439
Sudan,2011,92,4205,1478,1879,1263
Sudan,2012,81,3601,1423,1664,1236
Sudan,2013,74,3677,1382,1543,952
Sudan,2014,70,908,1370,1508,883
Sudan,2015,62,596,1328,1367,823
Sudan,2016,58,265,1281,1294,792
Sudan,2017,50,207,1223,1103,744
Sudan,2018,43,259,1158,1194,698
Sudan,2019,38,712,1110,1034,662
Suriname,2010,1,0,10,5,8
Suriname,2011,1,0,10,4,8
Suriname,2012,1,0,9,4,7
Suriname,2013,1,0,9,4,7
Suriname,2014,1,0,10,4,7
Suriname,2015,1,0,10,4,7
Suriname,2016,1,0,10,3,7
Suriname,2017,1,0,10,3,7
Suriname,2018,1,0,10,3,7
Suriname,2019,1,0,10,2,7
Sweden,2010,0,0,99,0,29
Sweden,2011,0,0,96,0,28
Sweden,2012,0,0,92,0,29
Sweden,2013,0,0,87,0,29
Sweden,2014,0,0,81,0,28
Sweden,2015,0,0,78,0,30
Sweden,2016,0,0,77,0,31
Sweden,2017,0,0,76,0,32
Sweden,2018,0,0,78,0,31
Sweden,2019,0,0,79,0,31
Switzerland,2010,1,0,42,0,27
Switzerland,2011,1,0,40,0,26
Switzerland,2012,1,0,39,0,25
Switzerland,2013,1,0,37,0,24
Switzerland,2014,1,0,35,0,26
Switzerland,2015,1,0,36,0,27
Switzerland,2016,1,0,37,0,27
Switzerland,2017,1,0,37,0,27
Switzerland,2018,1,0,38,0,27
Switzerland,2019,1,0,39,0,27
Syria,2010,9,77,93,305,346
Syria,2011,9,99,89,294,353
Syria,2012,10,158,86,307,338
Syria,2013,10,241,85,340,314
Syria,2014,10,183,84,330,296
Syria,2015,10,130,83,304,275
Syria,2016,9,77,82,259,257
Syria,2017,8,55,82,234,241
Syria,2018,5,13,81,198,221
Syria,2019,5,5,80,174,214
Taiwan,2010,1,0,900,0,102
Taiwan,2011,1,0,909,0,103
Taiwan,2012,1,0,876,0,98
Taiwan,2013,1,0,844,0,97
Taiwan,2014,1,0,851,0,100
Taiwan,2015,1,0,828,0,100
Taiwan,2016,1,0,846,0,101
Taiwan,2017,1,0,878,0,103
Taiwan,2018,1,0,884,0,104
Taiwan,2019,1,0,905,0,105
Tajikistan,2010,1,0,781,132,255
Tajikistan,2011,1,0,738,133,230
Tajikistan,2012,1,0,728,137,204
Tajikistan,2013,1,0,738,142,177
Tajikistan,2014,1,0,755,149,156
Tajikistan,2015,1,0,755,153,137
Tajikistan,2016,1,0,764,158,117
Tajikistan,2017,1,2,760,156,123
Tajikistan,2018,1,0,747,151,123
Tajikistan,2019,1,0,743,156,125
Tanzania,2010,690,2870,20785,3111,5520
Tanzania,2011,653,4829,20555,3027,5497
Tanzania,2012,643,3586,20704,3095,5586
Tanzania,2013,651,4618,21060,2876,4191
Tanzania,2014,656,8570,21350,2935,3997
Tanzania,2015,676,1759,21979,3366,4099
Tanzania,2016,640,1349,21776,3334,4057
Tanzania,2017,579,1923,21164,3324,3982
Tanzania,2018,527,2149,20576,3197,3864
Tanzania,2019,491,3293,20170,3015,3765
Thailand,2010,112,188,8137,203,1102
Thailand,2011,110,180,8009,198,1068
Thailand,2012,107,167,7828,178,1049
Thailand,2013,102,160,7641,172,1012
Thailand,2014,100,161,7552,171,1016
Thailand,2015,98,159,7506,175,1021
Thailand,2016,97,117,7615,176,1048
Thailand,2017,94,105,7658,160,1038
Thailand,2018,90,104,7731,155,1040
Thailand,2019,86,104,7775,157,1037
Timor,2010,18,47,263,48,35
Timor,2011,17,53,269,45,35
Timor,2012,15,15,272,48,33
Timor,2013,15,11,273,47,32
Timor,2014,15,15,278,49,32
Timor,2015,15,28,284,47,32
Timor,2016,14,7,289,47,33
Timor,2017,14,12,293,47,32
Timor,2018,14,14,296,48,31
Timor,2019,14,12,299,50,31
Togo,2010,66,536,2333,320,943
Togo,2011,62,326,2322,318,927
Togo,2012,58,311,2291,303,902
Togo,2013,55,378,2262,284,865
Togo,2014,52,203,2274,277,708
Togo,2015,49,188,2268,260,679
Togo,2016,45,167,2270,264,682
Togo,2017,41,176,2253,251,659
Togo,2018,37,245,2172,237,636
Togo,2019,34,60,2124,217,625
Tokelau,2010,0,0,0,0,0
Tokelau,2011,0,0,0,0,0
Tokelau,2012,0,0,0,0,0
Tokelau,2013,0,0,0,0,0
Tokelau,2014,0,0,0,0,0
Tokelau,2015,0,0,0,0,0
Tokelau,2016,0,0,0,0,0
Tokelau,2017,0,0,0,0,0
Tokelau,2018,0,0,0,0,0
Tokelau,2019,0,0,0,0,0
Tonga,2010,0,2,6,2,6
Tonga,2011,0,2,5,3,6
Tonga,2012,0,2,5,3,6
Tonga,2013,0,2,5,3,6
Tonga,2014,0,2,5,3,6
Tonga,2015,0,2,5,3,6
Tonga,2016,0,2,5,3,6
Tonga,2017,0,2,5,3,5
Tonga,2018,0,1,5,2,5
Tonga,2019,0,1,5,2,5
Trinidad and Tobago,2010,0,0,21,0,13
Trinidad and Tobago,2011,0,0,20,0,13
Trinidad and Tobago,2012,0,0,19,0,11
Trinidad and Tobago,2013,0,0,19,0,11
Trinidad and Tobago,2014,0,0,19,0,11
Trinidad and Tobago,2015,0,0,19,0,11
Trinidad and Tobago,2016,0,0,20,0,11
Trinidad and Tobago,2017,0,0,20,0,11
Trinidad and Tobago,2018,0,0,20,0,11
Trinidad and Tobago,2019,0,0,20,0,11
Tunisia,2010,3,28,135,23,113
Tunisia,2011,3,37,133,26,100
Tunisia,2012,3,39,132,28,94
Tunisia,2013,2,40,130,28,92
Tunisia,2014,2,40,128,28,91
Tunisia,2015,2,39,125,26,89
Tunisia,2016,2,37,124,26,88
Tunisia,2017,2,35,124,24,87
Tunisia,2018,2,32,122,23,86
Tunisia,2019,2,30,121,21,85
Turkey,2010,24,178,1134,291,452
Turkey,2011,22,259,1076,240,427
Turkey,2012,20,237,1018,217,410
Turkey,2013,19,214,980,198,401
Turkey,2014,18,196,959,206,397
Turkey,2015,18,183,935,189,386
Turkey,2016,17,173,925,169,381
Turkey,2017,17,164,907,147,372
Turkey,2018,16,155,859,132,359
Turkey,2019,16,147,833,117,351
Turkmenistan,2010,0,0,537,2,79
Turkmenistan,2011,0,0,516,2,74
Turkmenistan,2012,0,0,492,1,66
Turkmenistan,2013,0,0,503,1,64
Turkmenistan,2014,1,0,505,1,60
Turkmenistan,2015,1,0,488,1,58
Turkmenistan,2016,1,0,479,1,57
Turkmenistan,2017,1,0,464,1,55
Turkmenistan,2018,0,0,449,1,54
Turkmenistan,2019,0,0,437,1,52
Tuvalu,2010,0,0,1,0,0
Tuvalu,2011,0,0,1,0,0
Tuvalu,2012,0,0,1,0,0
Tuvalu,2013,0,0,1,0,0
Tuvalu,2014,0,0,1,0,0
Tuvalu,2015,0,0,1,0,0
Tuvalu,2016,0,0,1,0,0
Tuvalu,2017,0,0,1,0,0
Tuvalu,2018,0,0,1,0,0
Tuvalu,2019,0,0,1,0,0
Uganda,2010,495,2749,14624,2400,5972
Uganda,2011,446,3190,14348,2559,5992
Uganda,2012,474,5119,14373,2774,6112
Uganda,2013,411,3142,14927,3114,5332
Uganda,2014,410,3272,15298,3104,5376
Uganda,2015,388,4445,15180,2948,4953
Uganda,2016,368,2593,15143,2801,4908
Uganda,2017,325,2535,14433,2352,4324
Uganda,2018,295,4066,14161,2308,4166
Uganda,2019,268,4305,13886,2245,3941
Ukraine,2010,6,0,4486,1,435
Ukraine,2011,9,0,4113,2,423
Ukraine,2012,4,0,4007,1,392
Ukraine,2013,4,0,3891,1,381
Ukraine,2014,4,0,3501,1,363
Ukraine,2015,20,0,4700,2,491
Ukraine,2016,24,1,4391,2,481
Ukraine,2017,4,0,4228,1,424
Ukraine,2018,4,16,4145,1,411
Ukraine,2019,4,0,4043,1,399
United Arab Emirates,2010,27,8,88,29,44
United Arab Emirates,2011,27,9,92,32,45
United Arab Emirates,2012,27,9,96,33,45
United Arab Emirates,2013,28,8,101,29,47
United Arab Emirates,2014,26,7,105,25,49
United Arab Emirates,2015,27,6,109,22,50
United Arab Emirates,2016,28,1,112,19,51
United Arab Emirates,2017,30,0,116,16,52
United Arab Emirates,2018,31,0,118,15,53
United Arab Emirates,2019,33,0,119,12,54
United Kingdom,2010,1,1,397,3,282
United Kingdom,2011,1,1,383,3,275
United Kingdom,2012,1,1,383,3,262
United Kingdom,2013,0,1,386,3,264
United Kingdom,2014,1,1,384,3,259
United Kingdom,2015,0,1,386,3,266
United Kingdom,2016,0,1,382,3,264
United Kingdom,2017,0,1,380,3,263
United Kingdom,2018,0,1,388,3,265
United Kingdom,2019,0,1,390,3,265
United States,2010,7,0,868,14,1141
United States,2011,8,0,862,12,1126
United States,2012,7,0,858,12,1108
United States,2013,7,0,871,12,1106
United States,2014,7,0,879,11,1102
United States,2015,7,0,900,10,1115
United States,2016,7,0,927,10,1131
United States,2017,7,0,929,10,1137
United States,2018,7,0,956,10,1142
United States,2019,8,1,978,10,1146
United States Virgin Islands,2010,0,0,1,1,0
United States Virgin Islands,2011,0,0,1,1,0
United States Virgin Islands,2012,0,0,1,1,0
United States Virgin Islands,2013,0,0,1,1,0
United States Virgin Islands,2014,0,0,1,1,0
United States Virgin Islands,2015,0,0,1,1,0
United States Virgin Islands,2016,0,0,1,1,0
United States Virgin Islands,2017,0,0,1,1,0
United States Virgin Islands,2018,0,0,1,1,0
United States Virgin Islands,2019,0,0,1,1,0
Uruguay,2010,0,0,56,0,16
Uruguay,2011,0,0,59,0,16
Uruguay,2012,0,0,59,0,16
Uruguay,2013,0,0,61,1,14
Uruguay,2014,0,0,62,1,14
Uruguay,2015,0,0,63,1,14
Uruguay,2016,0,0,61,1,14
Uruguay,2017,0,0,59,1,14
Uruguay,2018,0,0,57,1,14
Uruguay,2019,0,0,56,0,14
Uzbekistan,2010,3,0,3164,3,280
Uzbekistan,2011,4,0,3012,3,264
Uzbekistan,2012,3,0,2902,2,251
Uzbekistan,2013,3,0,2792,2,240
Uzbekistan,2014,3,0,2731,2,229
Uzbekistan,2015,2,0,2647,2,184
Uzbekistan,2016,2,0,2571,2,175
Uzbekistan,2017,2,0,2522,2,177
Uzbekistan,2018,2,0,2470,2,176
Uzbekistan,2019,2,0,2445,2,175
Vanuatu,2010,0,5,37,13,7
Vanuatu,2011,0,6,38,13,6
Vanuatu,2012,0,13,38,12,6
Vanuatu,2013,0,13,39,12,6
Vanuatu,2014,0,10,40,13,6
Vanuatu,2015,0,12,40,13,6
Vanuatu,2016,0,3,41,14,6
Vanuatu,2017,0,3,41,14,6
Vanuatu,2018,0,3,41,14,6
Vanuatu,2019,0,5,41,13,6
Venezuela,2010,11,0,668,22,289
Venezuela,2011,11,0,663,21,292
Venezuela,2012,11,0,676,23,302
Venezuela,2013,10,0,677,22,306
Venezuela,2014,10,0,708,21,308
Venezuela,2015,9,0,730,20,301
Venezuela,2016,10,0,731,19,288
Venezuela,2017,10,0,749,17,272
Venezuela,2018,10,0,781,16,260
Venezuela,2019,11,0,826,15,254
Vietnam,2010,323,805,23104,1008,1027
Vietnam,2011,296,529,22746,1047,987
Vietnam,2012,275,381,22296,974,954
Vietnam,2013,723,480,21816,1016,987
Vietnam,2014,244,562,21401,934,890
Vietnam,2015,231,149,20803,909,870
Vietnam,2016,220,137,20233,870,839
Vietnam,2017,210,131,19653,811,809
Vietnam,2018,197,159,19129,694,778
Vietnam,2019,186,212,18681,650,747
Wales,2010,0,0,22,0,14
Wales,2011,0,0,21,0,14
Wales,2012,0,0,21,0,14
Wales,2013,0,0,21,0,14
Wales,2014,0,0,21,0,13
Wales,2015,0,0,20,0,14
Wales,2016,0,0,20,0,14
Wales,2017,0,0,20,0,14
Wales,2018,0,0,20,0,14
Wales,2019,0,0,20,0,14
Western Pacific Region (WHO),2010,2508,8568,128188,7271,14772
Western Pacific Region (WHO),2011,2318,7990,124389,6796,14327
Western Pacific Region (WHO),2012,2143,4454,120542,6301,14191
Western Pacific Region (WHO),2013,2442,4287,116730,5844,13824
Western Pacific Region (WHO),2014,1868,4182,114291,5400,13397
Western Pacific Region (WHO),2015,2407,3280,113323,5507,13271
Western Pacific Region (WHO),2016,1778,3373,113210,5376,12857
Western Pacific Region (WHO),2017,1689,3923,109837,5022,12346
Western Pacific Region (WHO),2018,1573,4394,106535,4706,11660
Western Pacific Region (WHO),2019,1508,4418,104584,4684,11158
World,2010,62899,210547,1365562,151428,326965
World,2011,57340,216781,1332306,147333,312917
World,2012,53165,195447,1318781,144292,300277
World,2013,50572,169482,1308067,140969,289674
World,2014,47829,146647,1295393,139556,280607
World,2015,45973,126183,1268132,136630,267947
World,2016,42793,105990,1250088,133611,261408
World,2017,40425,98776,1232232,127191,250281
World,2018,36853,90269,1205461,122019,241812
World,2019,34684,83392,1179766,116510,236222
World Bank High Income,2010,122,27,17002,230,4483
World Bank High Income,2011,120,29,16699,218,4285
World Bank High Income,2012,118,24,16345,213,4210
World Bank High Income,2013,115,25,15880,191,4151
World Bank High Income,2014,110,25,15429,178,4086
World Bank High Income,2015,110,25,15258,165,4100
World Bank High Income,2016,111,22,15189,155,4080
World Bank High Income,2017,112,31,15367,151,4045
World Bank High Income,2018,113,22,15584,143,4047
World Bank High Income,2019,114,22,15849,134,4052
World Bank Low Income,2010,16857,91181,298296,52073,107323
World Bank Low Income,2011,15565,94832,295095,50999,101165
World Bank Low Income,2012,14922,90178,292773,51192,99936
World Bank Low Income,2013,14303,76679,291272,50622,93466
World Bank Low Income,2014,13834,72060,291041,51400,91100
World Bank Low Income,2015,13207,62181,289125,50806,87573
World Bank Low Income,2016,12687,55097,285487,49874,86785
World Bank Low Income,2017,11970,49378,279999,48902,85255
World Bank Low Income,2018,10886,52470,275591,47749,83057
World Bank Low Income,2019,10436,54867,271887,46237,81439
World Bank Lower Middle Income,2010,44420,117024,908241,91665,190535
World Bank Lower Middle Income,2011,40270,120220,887772,89297,183952
World Bank Lower Middle Income,2012,36813,103608,884008,86659,173362
World Bank Lower Middle Income,2013,34890,91219,881440,84373,169960
World Bank Lower Middle Income,2014,32680,72994,874349,82477,164035
World Bank Lower Middle Income,2015,31472,62026,853357,80313,155499
World Bank Lower Middle Income,2016,28833,48394,841362,78433,150263
World Bank Lower Middle Income,2017,27240,47063,833491,73321,141452
World Bank Lower Middle Income,2018,24813,35813,814239,69649,135914
World Bank Lower Middle Income,2019,23120,26533,793679,65757,132489
World Bank Upper Middle Income,2010,1464,2216,141405,7341,24436
World Bank Upper Middle Income,2011,1351,1592,132137,6700,23334
World Bank Upper Middle Income,2012,1279,1532,125066,6114,22592
World Bank Upper Middle Income,2013,1233,1469,118894,5671,21928
World Bank Upper Middle Income,2014,1174,1481,113998,5390,21220
World Bank Upper Middle Income,2015,1156,1851,109822,5235,20614
World Bank Upper Middle Income,2016,1136,2397,107487,5040,20123
World Bank Upper Middle Income,2017,1078,2239,102822,4708,19379
World Bank Upper Middle Income,2018,1019,1903,99505,4370,18651
World Bank Upper Middle Income,2019,991,1912,97819,4276,18104
Yemen,2010,89,444,892,1187,675
Yemen,2011,83,588,867,1178,537
Yemen,2012,77,1390,844,1157,518
Yemen,2013,69,642,851,1194,508
Yemen,2014,66,572,850,1132,499
Yemen,2015,67,141,877,1163,509
Yemen,2016,68,97,913,1160,511
Yemen,2017,68,117,956,1215,509
Yemen,2018,58,265,995,1141,482
Yemen,2019,58,450,1029,997,479
Zambia,2010,321,1685,8970,910,3138
Zambia,2011,296,1179,8795,923,3109
Zambia,2012,273,1259,8440,926,2992
Zambia,2013,255,286,8173,882,2396
Zambia,2014,238,176,7937,865,2325
Zambia,2015,223,207,7734,839,2256
Zambia,2016,201,313,7536,704,2174
Zambia,2017,188,70,7392,635,2156
Zambia,2018,174,133,7164,531,2088
Zambia,2019,166,156,7056,484,2065
Zimbabwe,2010,31,1383,12941,605,1768
Zimbabwe,2011,30,276,12799,660,1803
Zimbabwe,2012,29,269,12424,653,1586
Zimbabwe,2013,27,200,11855,601,1448
Zimbabwe,2014,25,293,11450,586,1422
Zimbabwe,2015,24,720,11214,557,1439
Zimbabwe,2016,24,432,10998,603,1457
Zimbabwe,2017,23,307,10762,588,1460
Zimbabwe,2018,23,402,10545,616,1450
Zimbabwe,2019,22,413,10465,581,1450